-- MySQL dump 10.13  Distrib 5.6.28, for debian-linux-gnu (i686)
--
-- Host: localhost    Database: roprotokol
-- ------------------------------------------------------
-- Server version	5.6.28-1-log

/*!40101 SET @OLD_CHARACTER_SET_CLIENT=@@CHARACTER_SET_CLIENT */;
/*!40101 SET @OLD_CHARACTER_SET_RESULTS=@@CHARACTER_SET_RESULTS */;
/*!40101 SET @OLD_COLLATION_CONNECTION=@@COLLATION_CONNECTION */;
/*!40101 SET NAMES utf8 */;
/*!40103 SET @OLD_TIME_ZONE=@@TIME_ZONE */;
/*!40103 SET TIME_ZONE='+00:00' */;
/*!40014 SET @OLD_UNIQUE_CHECKS=@@UNIQUE_CHECKS, UNIQUE_CHECKS=0 */;
/*!40014 SET @OLD_FOREIGN_KEY_CHECKS=@@FOREIGN_KEY_CHECKS, FOREIGN_KEY_CHECKS=0 */;
/*!40101 SET @OLD_SQL_MODE=@@SQL_MODE, SQL_MODE='NO_AUTO_VALUE_ON_ZERO' */;
/*!40111 SET @OLD_SQL_NOTES=@@SQL_NOTES, SQL_NOTES=0 */;

--
-- Table structure for table `Boat`
--

DROP TABLE IF EXISTS `Boat`;
/*!40101 SET @saved_cs_client     = @@character_set_client */;
/*!40101 SET character_set_client = utf8 */;
CREATE TABLE `Boat` (
  `id` int(11) NOT NULL AUTO_INCREMENT,
  `Name` varchar(100) DEFAULT NULL,
  `BoatType` int(11) DEFAULT NULL,
  `brand` varchar(30) DEFAULT NULL,
  `modelid` int(11) DEFAULT NULL,
  `Description` varchar(1000) DEFAULT NULL,
  `Created` datetime DEFAULT NULL,
  `Updated` datetime DEFAULT NULL,
  `Initials` varchar(10) DEFAULT NULL,
  `MotionPlus` varchar(100) DEFAULT NULL,
  `boat_usage` int(11) DEFAULT NULL,
  `level` int(11) DEFAULT NULL,
  `Location` varchar(100) DEFAULT NULL,
  `Placement` varchar(100) DEFAULT NULL,
  `Decommissioned` datetime DEFAULT NULL,
  PRIMARY KEY (`id`)
) ENGINE=InnoDB AUTO_INCREMENT=254 DEFAULT CHARSET=latin1;
/*!40101 SET character_set_client = @saved_cs_client */;

--
-- Dumping data for table `Boat`
--

LOCK TABLES `Boat` WRITE;
/*!40000 ALTER TABLE `Boat` DISABLE KEYS */;
INSERT INTO `Boat` VALUES (1,'Absalon',1,NULL,NULL,NULL,'1997-06-18 00:00:00','1997-06-18 00:00:00','SYS',NULL,NULL,NULL,'DSR',NULL,NULL),(2,'Alf',6,NULL,NULL,NULL,'1997-06-18 00:00:00','1997-06-18 00:00:00','SYS',NULL,NULL,NULL,'DSR',NULL,NULL),(7,'Barracuda',4,'Lancer',NULL,NULL,'1997-06-18 00:00:00','1997-06-18 00:00:00','SYS',NULL,NULL,3,'DSR',NULL,NULL),(9,'Bjarke',2,NULL,NULL,NULL,'1997-06-18 00:00:00','1997-06-18 00:00:00','SYS',NULL,NULL,NULL,'DSR',NULL,NULL),(10,'Brage',1,NULL,NULL,NULL,'1997-06-18 00:00:00','1997-06-18 00:00:00','SYS',NULL,NULL,NULL,'DSR',NULL,NULL),(13,'Dan',2,NULL,NULL,NULL,'1997-06-18 00:00:00','1997-06-18 00:00:00','SYS',NULL,NULL,NULL,'DSR',NULL,'2016-03-01 23:20:04'),(17,'Elektra',1,NULL,NULL,NULL,'1997-06-18 00:00:00','1997-06-18 00:00:00','SYS','2',NULL,NULL,'DSR',NULL,NULL),(18,'Epsilon',6,NULL,NULL,NULL,'1997-06-18 00:00:00','1997-06-18 00:00:00','SYS',NULL,NULL,NULL,'DSR',NULL,NULL),(19,'Fafner',1,NULL,NULL,NULL,'1997-06-18 00:00:00','1997-06-18 00:00:00','SYS','2',NULL,NULL,'DSR',NULL,NULL),(22,'Freja',1,NULL,NULL,NULL,'1997-06-18 00:00:00','1997-06-18 00:00:00','SYS',NULL,NULL,NULL,'Nordhavn',NULL,NULL),(23,'Frigg',1,NULL,NULL,NULL,'1997-06-18 00:00:00','1997-06-18 00:00:00','SYS',NULL,NULL,NULL,'DSR',NULL,NULL),(24,'Gamma',6,NULL,NULL,NULL,'1997-06-18 00:00:00','1997-06-18 00:00:00','SYS',NULL,NULL,NULL,'DSR',NULL,NULL),(26,'Grumme',6,NULL,NULL,NULL,'1997-06-18 00:00:00','1997-06-18 00:00:00','SYS',NULL,NULL,NULL,'DSR',NULL,NULL),(27,'Blåmusling',4,'Struer',NULL,NULL,'1997-06-18 00:00:00','1997-06-18 00:00:00','SYS',NULL,3,1,'DSR',NULL,NULL),(28,'Gudmund',2,NULL,NULL,NULL,'1997-06-18 00:00:00','1997-06-18 00:00:00','SYS','2',NULL,NULL,'DSR',NULL,NULL),(33,'Heimdal',9,NULL,NULL,NULL,'1997-06-18 00:00:00','1997-06-18 00:00:00','SYS',NULL,NULL,NULL,'DSR',NULL,NULL),(34,'Helge',1,NULL,NULL,NULL,'1997-06-18 00:00:00','1997-06-18 00:00:00','SYS',NULL,NULL,NULL,'DSR',NULL,NULL),(35,'Hjalte',1,NULL,NULL,NULL,'1997-06-18 00:00:00','1997-06-18 00:00:00','SYS','1',NULL,NULL,'DSR',NULL,NULL),(36,'Hroar',1,NULL,NULL,NULL,'1997-06-18 00:00:00','1997-06-18 00:00:00','SYS',NULL,NULL,NULL,'DSR',NULL,NULL),(41,'Jon',6,NULL,NULL,NULL,'1997-06-18 00:00:00','1997-06-18 00:00:00','SYS',NULL,NULL,NULL,'DSR',NULL,NULL),(44,'Ksi',6,NULL,NULL,'SKAL SLETTES!','1997-06-18 00:00:00','1997-06-18 00:00:00','SYS',NULL,NULL,NULL,'DSR',NULL,NULL),(45,'Kvaser',1,NULL,NULL,NULL,'1997-06-18 00:00:00','1997-06-18 00:00:00','SYS',NULL,NULL,NULL,'DSR',NULL,NULL),(46,'Loke',1,NULL,NULL,NULL,'1997-06-18 00:00:00','1997-06-18 00:00:00','SYS',NULL,NULL,NULL,'DSR',NULL,NULL),(49,'Minerva',7,NULL,NULL,NULL,'1997-06-18 00:00:00','1997-06-18 00:00:00','SYS',NULL,NULL,NULL,'DSR',NULL,NULL),(50,'Mjølner',11,NULL,NULL,NULL,'1997-06-18 00:00:00','1997-06-18 00:00:00','SYS',NULL,NULL,NULL,'DSR',NULL,NULL),(51,'Munin',2,NULL,NULL,NULL,'1997-06-18 00:00:00','1997-06-18 00:00:00','SYS',NULL,NULL,NULL,'DSR',NULL,NULL),(52,'Ny',12,NULL,NULL,NULL,'1997-06-18 00:00:00','1997-06-18 00:00:00','SYS',NULL,NULL,NULL,'DSR',NULL,NULL),(54,'Odin',10,NULL,NULL,NULL,'1997-06-18 00:00:00','1997-06-18 00:00:00','SYS',NULL,NULL,NULL,'DSR',NULL,NULL),(55,'Olsen',10,NULL,NULL,NULL,'1997-06-18 00:00:00','1997-06-18 00:00:00','SYS',NULL,NULL,NULL,'DSR',NULL,NULL),(56,'Ormen',3,NULL,NULL,NULL,'1997-06-18 00:00:00','1997-06-18 00:00:00','SYS',NULL,NULL,NULL,'DSR',NULL,NULL),(59,'Psi',6,NULL,NULL,NULL,'1997-06-18 00:00:00','1997-06-18 00:00:00','SYS',NULL,NULL,NULL,'DSR',NULL,NULL),(60,'Ran',12,NULL,NULL,NULL,'1997-06-18 00:00:00','1997-06-18 00:00:00','SYS',NULL,NULL,NULL,'DSR',NULL,NULL),(65,'Sif',1,NULL,NULL,NULL,'1997-06-18 00:00:00','1997-06-18 00:00:00','SYS',NULL,NULL,NULL,'DSR',NULL,NULL),(66,'Sigma',6,NULL,NULL,NULL,'1997-06-18 00:00:00','1997-06-18 00:00:00','SYS',NULL,NULL,NULL,'DSR',NULL,NULL),(69,'Svane',8,NULL,NULL,NULL,'1997-06-18 00:00:00','1997-06-18 00:00:00','SYS',NULL,NULL,NULL,'DSR',NULL,NULL),(70,'Svante',1,NULL,NULL,NULL,'1997-06-18 00:00:00','1997-06-18 00:00:00','SYS',NULL,NULL,NULL,'DSR',NULL,NULL),(71,'Svava',12,NULL,NULL,NULL,'1997-06-18 00:00:00','1997-06-18 00:00:00','SYS',NULL,NULL,NULL,'DSR',NULL,NULL),(72,'Svip',6,NULL,NULL,NULL,'1997-06-18 00:00:00','1997-06-18 00:00:00','SYS',NULL,NULL,NULL,'DSR',NULL,NULL),(77,'Tau',6,NULL,NULL,NULL,'1997-06-18 00:00:00','1997-06-18 00:00:00','SYS',NULL,NULL,NULL,'DSR',NULL,NULL),(78,'Thor',2,NULL,NULL,NULL,'1997-06-18 00:00:00','1997-06-18 00:00:00','SYS',NULL,NULL,NULL,'DSR',NULL,NULL),(79,'Tjalfe',1,NULL,NULL,NULL,'1997-06-18 00:00:00','1997-06-18 00:00:00','SYS',NULL,NULL,NULL,'DSR',NULL,NULL),(81,'Tuto',6,NULL,NULL,NULL,'1997-06-18 00:00:00','1997-06-18 00:00:00','SYS',NULL,NULL,NULL,'DSR',NULL,NULL),(82,'Vidar',2,NULL,NULL,NULL,'1997-06-18 00:00:00','1997-06-18 00:00:00','SYS',NULL,NULL,NULL,'DSR',NULL,NULL),(84,'Vile',2,NULL,NULL,NULL,'1997-06-18 00:00:00','1997-06-18 00:00:00','SYS',NULL,NULL,NULL,'DSR',NULL,NULL),(85,'Vips',6,NULL,NULL,NULL,'1997-06-18 00:00:00','1997-06-18 00:00:00','SYS',NULL,NULL,NULL,'DSR',NULL,NULL),(86,'Ydun',2,NULL,NULL,NULL,'1997-06-18 00:00:00','1997-06-18 00:00:00','SYS',NULL,NULL,NULL,'DSR',NULL,NULL),(87,'Øresvin',4,'Scraptus',NULL,NULL,'1997-06-18 00:00:00','1997-06-18 00:00:00','SYS',NULL,NULL,1,'DSR',NULL,NULL),(89,'Sild',4,'Trainer',NULL,NULL,'1998-04-05 00:00:00','1998-04-05 00:00:00','SYS',NULL,6,2,'DSR',NULL,NULL),(90,'Torsk',4,'Let Spica',NULL,NULL,'1998-04-05 00:00:00','1998-04-05 00:00:00','SYS',NULL,5,4,'DSR',NULL,NULL),(91,'Forel 2',4,'Let Spica',NULL,NULL,'1998-04-05 00:00:00','1998-04-05 00:00:00','SYS',NULL,NULL,4,'DSR',NULL,NULL),(92,'4-åres lånt båd',2,NULL,NULL,NULL,'1998-04-05 00:00:00','1998-04-05 00:00:00','SYS',NULL,NULL,NULL,'DSR',NULL,NULL),(93,'Røskva',1,NULL,NULL,NULL,'1998-04-05 00:00:00','1998-04-05 00:00:00','SYS',NULL,NULL,NULL,'DSR',NULL,NULL),(94,'Hu',1,NULL,NULL,NULL,'1998-04-05 00:00:00','1998-04-05 00:00:00','SYS','1',NULL,NULL,'DSR',NULL,NULL),(95,'Alfa',6,NULL,NULL,NULL,'1998-05-02 00:00:00','1998-05-02 00:00:00','SYS',NULL,NULL,NULL,'DSR',NULL,NULL),(96,'Ørred',4,'Spica',NULL,NULL,'1998-10-02 00:00:00','1998-10-02 00:00:00','SYS',NULL,NULL,1,'DSR',NULL,NULL),(98,'SøElefant',4,'Bull',NULL,NULL,'1998-10-02 00:00:00','1998-10-02 00:00:00','SYS',NULL,3,1,'DSR',NULL,NULL),(99,'Muræne',4,'Spica',NULL,NULL,'1998-10-02 00:00:00','1998-10-02 00:00:00','SYS',NULL,NULL,4,'DSR',NULL,NULL),(103,'Rokke',5,'Tirana',NULL,NULL,'1998-10-02 00:00:00','1998-10-02 00:00:00','SYS',NULL,NULL,1,'DSR',NULL,NULL),(107,'Rødfisk',5,NULL,NULL,NULL,'1999-03-22 00:00:00','1999-03-22 00:00:00','SYS',NULL,NULL,1,'DSR',NULL,NULL),(110,'Hornfisk',4,'Trainer',NULL,NULL,'1999-03-22 00:00:00','1999-03-22 00:00:00','SYS',NULL,6,3,'DSR',NULL,NULL),(111,'Ulk',4,'Tracer',NULL,NULL,'1999-03-22 00:00:00','1999-03-22 00:00:00','SYS',NULL,6,2,'DSR',NULL,NULL),(112,'Sildehaj',4,'Bull',NULL,NULL,'1999-03-22 00:00:00','1999-03-22 00:00:00','SYS',NULL,3,4,'DSR',NULL,NULL),(114,'Haj',4,'Razer',NULL,NULL,'1999-03-22 00:00:00','1999-03-22 00:00:00','SYS',NULL,2,3,'DSR',NULL,NULL),(115,'Pighvar',4,'Bull',NULL,NULL,'1999-03-22 00:00:00','1999-03-22 00:00:00','SYS',NULL,NULL,1,'DSR',NULL,NULL),(118,'Ask',2,NULL,NULL,'Bigblade. \nTræ.','2001-04-09 00:00:00','2001-04-09 00:00:00','SYS',NULL,NULL,NULL,'DSR',NULL,NULL),(119,'Nanna',2,NULL,NULL,NULL,'2001-08-27 00:00:00','2001-08-27 00:00:00','SYS',NULL,NULL,NULL,'DSR',NULL,NULL),(120,'2-åres lånt båd',1,NULL,NULL,NULL,'2001-08-27 00:00:00','2001-08-27 00:00:00','SYS',NULL,NULL,NULL,'DSR',NULL,NULL),(121,'Hummer',4,'Fanger',NULL,NULL,'2001-08-27 00:00:00','2001-08-27 00:00:00','SYS',NULL,3,1,'DSR',NULL,NULL),(122,'Luzern',7,NULL,NULL,NULL,'2002-05-19 00:00:00','2002-05-19 00:00:00','SYS',NULL,NULL,NULL,'DSR',NULL,NULL),(123,'Sleipner',3,NULL,NULL,NULL,'2002-06-18 00:00:00','2002-06-18 00:00:00','SYS',NULL,NULL,NULL,'DSR',NULL,NULL),(125,'Lånt 2-Kajak',5,NULL,NULL,NULL,'2002-06-25 00:00:00','2002-06-25 00:00:00','SYS',NULL,NULL,1,'DSR',NULL,NULL),(126,'1-åres lånt båd',6,NULL,NULL,NULL,'2002-07-27 00:00:00','2002-07-27 00:00:00','SYS',NULL,NULL,NULL,'DSR',NULL,NULL),(129,'Ask (kajak)',4,'Coastliner',NULL,NULL,'2003-03-30 00:00:00','2003-03-31 00:00:00','SYS',NULL,1,1,'DSR',NULL,NULL),(130,'Urd',4,'Coastliner',NULL,NULL,'2003-03-30 00:00:00','2003-03-31 00:00:00','SYS',NULL,1,1,'DSR',NULL,NULL),(131,'Fjæsing',4,'Bull',NULL,NULL,'2003-03-30 00:00:00','2003-03-31 00:00:00','SYS',NULL,5,2,'DSR',NULL,NULL),(133,'Søløve',4,'Bull',NULL,NULL,'2003-03-30 00:00:00','2003-03-31 00:00:00','SYS',NULL,NULL,4,'DSR',NULL,NULL),(134,'Snog',5,'Bull',NULL,NULL,'2003-03-30 00:00:00','2003-03-31 00:00:00','SYS',NULL,5,2,'DSR',NULL,NULL),(135,'Hugorm',5,'Bull',NULL,NULL,'2003-03-30 00:00:00','2003-03-31 00:00:00','SYS',NULL,5,2,'DSR',NULL,NULL),(136,'Stenbider',4,'Cleaver X',NULL,NULL,'2003-03-30 00:00:00','2003-03-31 00:00:00','SYS',NULL,2,3,'DSR',NULL,NULL),(139,'Papegøjefisk',4,'Escape',NULL,NULL,'2003-03-30 00:00:00','2003-03-31 00:00:00','SYS',NULL,NULL,4,'DSR',NULL,NULL),(142,'Embla',2,NULL,NULL,NULL,'2003-04-17 00:00:00','2003-04-17 00:00:00','SYS','2',NULL,NULL,'Nordhavn',NULL,NULL),(143,'Sardin',4,'Plastex',NULL,NULL,'2003-04-29 00:00:00','2003-04-29 00:00:00','SYS',NULL,5,4,'DSR',NULL,NULL),(144,'Ansjos',4,'Elio',NULL,NULL,'2003-04-29 00:00:00','2003-04-29 00:00:00','SYS',NULL,NULL,2,'DSR',NULL,NULL),(145,'Njord',2,NULL,NULL,NULL,'2004-03-27 00:00:00','2004-03-27 00:00:00','CRL',NULL,NULL,NULL,'DSR',NULL,NULL),(146,'Skalle',4,'Spica',NULL,NULL,'2004-03-30 00:00:00','2004-03-30 00:00:00','SYS',NULL,3,1,'DSR',NULL,NULL),(147,'Mulle',4,'Spica',NULL,NULL,'2004-03-30 00:00:00','2004-03-30 00:00:00','SYS',NULL,NULL,1,'DSR',NULL,NULL),(149,'Delfin',4,'Escape',NULL,NULL,'2004-03-30 00:00:00','2004-03-30 00:00:00','SYS',NULL,NULL,4,'DSR',NULL,NULL),(152,'Togo 7',13,NULL,NULL,NULL,'2004-09-11 00:00:00','2004-09-11 00:00:00','SYS','0',NULL,NULL,'DSR',NULL,NULL),(153,'Togo 8',13,NULL,NULL,NULL,'2004-09-11 00:00:00','2004-09-11 00:00:00','SYS','0',NULL,NULL,'DSR',NULL,NULL),(156,'Tangloppe',4,'Spica',NULL,NULL,'2005-05-18 00:00:00','2005-05-18 00:00:00','SYS',NULL,3,1,'DSR',NULL,NULL),(157,'Nemo',4,'Spica',NULL,NULL,'2005-05-18 00:00:00','2005-05-18 00:00:00','SYS','0',NULL,1,'DSR',NULL,NULL),(158,'Karpe',4,'Escape',NULL,NULL,'2005-05-18 00:00:00','2005-05-18 00:00:00','SYS','0',5,2,'DSR',NULL,NULL),(160,'Skadi',2,NULL,NULL,NULL,'2005-07-09 00:00:00','2005-07-09 00:00:00','SYS','0',NULL,NULL,'DSR',NULL,NULL),(174,'Blåhval',4,'Coastrunner',NULL,NULL,'2006-05-09 00:00:00','2006-05-09 00:00:00','CRL',NULL,3,1,'DSR',NULL,NULL),(175,'Gedde',4,'Nelo Viper',NULL,NULL,'2006-05-09 00:00:00','2006-05-09 00:00:00','CRL',NULL,5,2,'DSR',NULL,NULL),(176,'Ising',4,'Coastrunner',NULL,NULL,'2006-05-09 00:00:00','2006-05-09 00:00:00','CRL',NULL,3,1,'DSR',NULL,NULL),(177,'Knurhane',4,'Coastrunner',NULL,NULL,'2006-05-09 00:00:00','2006-05-09 00:00:00','CRL',NULL,3,1,'DSR',NULL,NULL),(178,'Låne Kajak 2',4,NULL,NULL,NULL,'2006-05-09 00:00:00','2006-05-09 00:00:00','CRL',NULL,NULL,NULL,'DSR',NULL,NULL),(179,'Låne Kajak 3',4,NULL,NULL,NULL,'2006-05-09 00:00:00','2006-05-09 00:00:00','CRL',NULL,NULL,NULL,'DSR',NULL,NULL),(180,'Låne kajak 4',4,NULL,NULL,NULL,'2006-05-09 00:00:00','2006-05-09 00:00:00','CRL',NULL,NULL,NULL,'DSR',NULL,NULL),(181,'Lånt Kajak 1',4,NULL,NULL,NULL,'2006-05-09 00:00:00','2006-05-09 00:00:00','CRL',NULL,NULL,NULL,'DSR',NULL,NULL),(184,'Snapper',4,'Shadow',NULL,NULL,'2006-05-09 00:00:00','2006-05-09 00:00:00','CRL',NULL,6,3,'DSR',NULL,NULL),(186,'Valborg',4,'Coastrunner',NULL,NULL,'2006-05-09 00:00:00','2006-05-09 00:00:00','CRL',NULL,3,1,'DSR',NULL,NULL),(188,'Platon',7,NULL,NULL,NULL,'2006-05-30 00:00:00','2006-05-30 00:00:00','SYS','0',NULL,NULL,'DSR',NULL,NULL),(189,'Pallas Athene',7,NULL,NULL,NULL,'2006-05-30 00:00:00','2006-05-30 00:00:00','SYS','0',NULL,NULL,'DSR',NULL,NULL),(190,'Supermax Lady',7,NULL,NULL,NULL,'2006-05-30 00:00:00','2006-05-30 00:00:00','SYS','0',NULL,NULL,'DSR',NULL,NULL),(191,'Gerda',7,NULL,NULL,NULL,'2006-05-30 00:00:00','2006-05-30 00:00:00','SYS','0',NULL,NULL,'DSR',NULL,NULL),(192,'Iota',6,NULL,NULL,NULL,'2006-05-30 00:00:00','2006-05-30 00:00:00','SYS','0',NULL,NULL,'DSR',NULL,NULL),(193,'Nympha',6,NULL,NULL,NULL,'2006-05-30 00:00:00','2006-05-30 00:00:00','SYS','0',NULL,NULL,'DSR',NULL,NULL),(194,'My',6,NULL,NULL,NULL,'2006-05-30 00:00:00','2006-05-30 00:00:00','SYS','0',NULL,NULL,'DSR',NULL,NULL),(195,'Ro',6,NULL,NULL,NULL,'2006-05-30 00:00:00','2006-05-30 00:00:00','SYS','0',NULL,NULL,'DSR',NULL,NULL),(196,'002',6,NULL,NULL,NULL,'2006-05-30 00:00:00','2006-05-30 00:00:00','SYS','0',NULL,NULL,'DSR',NULL,NULL),(197,'Aslaug',11,NULL,NULL,NULL,'2006-05-30 00:00:00','2006-05-30 00:00:00','SYS','0',NULL,NULL,'DSR',NULL,NULL),(198,'Pollux',10,NULL,NULL,NULL,'2006-05-30 00:00:00','2006-05-30 00:00:00','SYS','0',NULL,NULL,'DSR',NULL,NULL),(199,'Giallo',10,NULL,NULL,NULL,'2006-05-30 00:00:00','2006-05-30 00:00:00','SYS','0',NULL,NULL,'DSR',NULL,NULL),(200,'Hermes',10,NULL,NULL,NULL,'2006-05-30 00:00:00','2006-05-30 00:00:00','SYS','0',NULL,NULL,'DSR',NULL,NULL),(201,'Kristian',1,NULL,NULL,NULL,'2006-06-28 00:00:00','2006-06-28 00:00:00','CRL','0',NULL,NULL,'DSR',NULL,NULL),(202,'Frederik d. IX',1,NULL,NULL,NULL,'2007-03-26 00:00:00','2007-03-26 00:00:00','CRL','0',NULL,NULL,'DSR',NULL,NULL),(203,'Fenris',1,NULL,NULL,NULL,'2007-03-26 00:00:00','2007-03-26 00:00:00','CRL','0',NULL,NULL,'DSR',NULL,NULL),(204,'Totu',6,NULL,NULL,NULL,'2007-07-17 00:00:00','2007-07-17 00:00:00','SYS','0',NULL,NULL,'DSR',NULL,NULL),(205,'Omega',6,NULL,NULL,NULL,'2007-07-17 00:00:00','2007-07-17 00:00:00','SYS','0',NULL,NULL,'DSR',NULL,NULL),(206,'Afrodite',6,NULL,NULL,NULL,'2007-07-17 00:00:00','2007-07-17 00:00:00','SYS','0',NULL,NULL,'DSR',NULL,NULL),(207,'Teta',6,NULL,NULL,NULL,'2007-07-17 00:00:00','2007-07-17 00:00:00','SYS','0',NULL,NULL,'DSR',NULL,NULL),(208,'Delta',6,NULL,NULL,NULL,'2007-07-17 00:00:00','2007-07-17 00:00:00','SYS','0',NULL,NULL,'DSR',NULL,NULL),(209,'Hera',7,NULL,NULL,NULL,'2007-07-17 00:00:00','2007-07-17 00:00:00','SYS','0',NULL,NULL,'DSR',NULL,NULL),(210,'Sct. Cathrine',7,NULL,NULL,NULL,'2007-07-17 00:00:00','2007-07-17 00:00:00','SYS','0',NULL,NULL,'DSR',NULL,NULL),(211,'Bifrost',3,NULL,NULL,NULL,'2007-07-17 00:00:00','2007-07-17 00:00:00','SYS','0',NULL,NULL,'DSR',NULL,NULL),(221,'Blæksprutte',4,'Struer',NULL,NULL,'2007-07-19 00:00:00','2007-07-19 00:00:00','ki','0',3,1,'DSR',NULL,NULL),(222,'Regnbueørred (Privat)',4,'Vajda',NULL,NULL,'2007-07-19 00:00:00','2007-07-19 00:00:00','ki','0',NULL,NULL,'DSR',NULL,NULL),(223,'Triton',4,'Freelancer',NULL,NULL,'2007-07-19 00:00:00','2007-07-19 00:00:00','ki','0',6,2,'DSR',NULL,NULL),(224,'Laks',5,'Marker',NULL,NULL,'2007-07-19 00:00:00','2007-07-19 00:00:00','ki','0',2,4,'DSR',NULL,NULL),(225,'Ull',1,NULL,NULL,NULL,'2008-04-17 00:00:00','2008-04-17 00:00:00','SYS','0',NULL,NULL,'DSR',NULL,NULL),(227,'Grindehval',4,'Struer',NULL,NULL,'2008-05-05 00:00:00','2008-05-05 00:00:00','SYS','0',3,1,'DSR',NULL,NULL),(228,'Guldmakrel',4,'Struer',NULL,NULL,'2008-05-05 00:00:00','2008-05-05 00:00:00','SYS','0',3,1,'DSR',NULL,NULL),(230,'Møhring',1,NULL,NULL,NULL,'2010-09-09 00:00:00','2010-09-09 00:00:00','6669','0',NULL,NULL,'DSR',NULL,NULL),(231,'Ål',5,'Vajda CivetCat',NULL,NULL,'2011-02-24 00:00:00','2011-02-24 00:00:00','SYS','0',0,2,'DSR',NULL,NULL),(232,'Havkat',4,'Let Escape',NULL,NULL,'2011-02-24 00:00:00','2011-02-24 00:00:00','SYS','0',0,2,'DSR',NULL,NULL),(233,'Rødspætte',4,'Struer Arrow',NULL,NULL,'2011-02-24 00:00:00','2011-02-24 00:00:00','SYS','0',0,1,'DSR',NULL,NULL),(234,'Stør',4,'KayakPro',NULL,NULL,'2011-02-24 00:00:00','2011-02-24 00:00:00','SYS','0',6,3,'DSR',NULL,NULL),(236,'Lambda',6,NULL,NULL,'Singlesculler','2012-06-21 00:00:00','2012-06-21 00:00:00','crl','0',0,0,'DSR',NULL,NULL),(237,'Balder (4-)',11,NULL,NULL,'Coastal','2013-05-02 00:00:00','2013-05-02 00:00:00','5083','0',0,0,'DSR',NULL,NULL),(238,'Balder (4+)',11,NULL,NULL,'Coastal','2013-05-02 00:00:00','2013-05-02 00:00:00','crl','0',0,0,'DSR',NULL,NULL),(239,'Pædagogsculler 1',12,NULL,NULL,'Pædagogsculler','2013-05-02 00:00:00','2013-05-02 00:00:00','crl','0',0,0,'DSR',NULL,NULL),(240,'Hugin',2,NULL,NULL,NULL,'2013-06-19 00:00:00','2013-06-19 00:00:00','Niels','0',0,0,'DSR',NULL,NULL),(241,'214',1,NULL,NULL,'Coastal 2er','2013-09-09 00:00:00','2013-09-09 00:00:00','NEL','0',0,0,'DSR',NULL,NULL),(242,'109',6,NULL,NULL,'Coastal 1er','2013-09-09 00:00:00','2013-09-09 00:00:00','NEL','0',0,0,'DSR',NULL,NULL),(243,'Makrel',4,'Citius',NULL,NULL,'2014-02-06 00:00:00','2014-02-06 00:00:00','SYS','0',0,1,'DSR',NULL,NULL),(244,'Us',4,'Racer',NULL,NULL,'2014-02-06 00:00:00','2014-02-06 00:00:00','SYS','0',0,4,'DSR',NULL,NULL),(246,'Togo 9',13,NULL,NULL,'Hvid motorbåd ','2014-04-24 00:00:00','2014-04-24 00:00:00','CRL','0',0,0,'DSR',NULL,NULL),(247,'Togo 10',13,NULL,NULL,'Hvid motorbåd ','2014-04-24 00:00:00','2014-04-24 00:00:00','CRL','0',0,0,'DSR',NULL,NULL),(248,'VisioSign',12,NULL,NULL,'Coastal C1x','2014-06-26 00:00:00','2014-06-26 00:00:00','8015','0',0,0,'DSR',NULL,NULL),(249,'Skinfaxe',8,NULL,NULL,'Coastal C2x','2014-08-18 00:00:00','2014-08-18 00:00:00','8015','0',0,0,'DSR',NULL,NULL),(250,'Den Gyldne Dame',11,NULL,NULL,'Coastal C4x+','2014-08-18 00:00:00','2014-08-18 00:00:00','8015','0',0,0,'DSR',NULL,NULL),(251,'Høder',8,NULL,NULL,'Coastal C2x','2014-08-18 00:00:00','2014-08-18 00:00:00','8015','0',0,0,'DSR',NULL,NULL),(252,'Modi',2,NULL,NULL,NULL,'2014-10-26 00:00:00','2014-10-26 00:00:00','8686','0',0,0,'Nordhavn',NULL,NULL),(253,'Tyr',1,NULL,NULL,NULL,'2014-10-26 00:00:00','2014-10-26 00:00:00','8686','0',0,0,'Nordhavn',NULL,NULL);
/*!40000 ALTER TABLE `Boat` ENABLE KEYS */;
UNLOCK TABLES;

--
-- Table structure for table `BoatCategory`
--

DROP TABLE IF EXISTS `BoatCategory`;
/*!40101 SET @saved_cs_client     = @@character_set_client */;
/*!40101 SET character_set_client = utf8 */;
CREATE TABLE `BoatCategory` (
  `id` int(11) NOT NULL DEFAULT '0',
  `Name` varchar(100) DEFAULT NULL,
  `Description` varchar(1000) DEFAULT NULL,
  `Created` datetime DEFAULT NULL,
  `Updated` datetime DEFAULT NULL,
  `Initials` varchar(10) DEFAULT NULL,
  PRIMARY KEY (`id`),
  UNIQUE KEY `Navn` (`Name`)
) ENGINE=InnoDB DEFAULT CHARSET=latin1;
/*!40101 SET character_set_client = @saved_cs_client */;

--
-- Dumping data for table `BoatCategory`
--

LOCK TABLES `BoatCategory` WRITE;
/*!40000 ALTER TABLE `BoatCategory` DISABLE KEYS */;
INSERT INTO `BoatCategory` VALUES (1,'Kajakker',NULL,'1998-09-25 00:00:00','1998-09-25 00:00:00','SYS'),(2,'Almindelig roning',NULL,'1998-09-25 00:00:00','1998-09-25 00:00:00','SYS');
/*!40000 ALTER TABLE `BoatCategory` ENABLE KEYS */;
UNLOCK TABLES;

--
-- Table structure for table `BoatRights`
--

DROP TABLE IF EXISTS `BoatRights`;
/*!40101 SET @saved_cs_client     = @@character_set_client */;
/*!40101 SET character_set_client = utf8 */;
CREATE TABLE `BoatRights` (
  `boat_type` int(11) NOT NULL,
  `required_right` varchar(30) NOT NULL,
  `requirement` varchar(10) DEFAULT NULL,
  PRIMARY KEY (`boat_type`,`required_right`)
) ENGINE=InnoDB DEFAULT CHARSET=latin1;
/*!40101 SET character_set_client = @saved_cs_client */;

--
-- Dumping data for table `BoatRights`
--

LOCK TABLES `BoatRights` WRITE;
/*!40000 ALTER TABLE `BoatRights` DISABLE KEYS */;
INSERT INTO `BoatRights` VALUES (3,'8cox','cox'),(5,'kajak_b','all'),(6,'sculler','all'),(7,'sculler','all'),(8,'langturøresund','all'),(8,'svava','cox'),(12,'svava','all'),(13,'motorboat','cox');
/*!40000 ALTER TABLE `BoatRights` ENABLE KEYS */;
UNLOCK TABLES;

--
-- Table structure for table `BoatType`
--

DROP TABLE IF EXISTS `BoatType`;
/*!40101 SET @saved_cs_client     = @@character_set_client */;
/*!40101 SET character_set_client = utf8 */;
CREATE TABLE `BoatType` (
  `id` int(11) NOT NULL AUTO_INCREMENT,
  `Name` varchar(100) DEFAULT NULL,
  `Seatcount` int(11) DEFAULT NULL,
  `Description` varchar(1000) DEFAULT NULL,
  `Category` int(11) DEFAULT NULL,
  `Created` datetime DEFAULT NULL,
  `Updated` datetime DEFAULT NULL,
  `Initials` varchar(10) DEFAULT NULL,
  PRIMARY KEY (`id`),
  KEY `gruppenavn` (`Name`)
) ENGINE=InnoDB AUTO_INCREMENT=14 DEFAULT CHARSET=latin1;
/*!40101 SET character_set_client = @saved_cs_client */;

--
-- Dumping data for table `BoatType`
--

LOCK TABLES `BoatType` WRITE;
/*!40000 ALTER TABLE `BoatType` DISABLE KEYS */;
INSERT INTO `BoatType` VALUES (1,'Inrigger 2+',3,NULL,2,'1997-01-01 00:00:00','1997-01-01 00:00:00',NULL),(2,'Inrigger 4+',5,NULL,2,'1997-01-01 00:00:00','1997-01-01 00:00:00',NULL),(3,'8+',9,NULL,2,'1997-06-18 00:00:00','1997-06-18 00:00:00',NULL),(4,'Kajak 1',1,NULL,1,'1997-06-18 00:00:00','1997-06-18 00:00:00',NULL),(5,'Kajak 2',2,NULL,1,'1997-06-18 00:00:00','1997-06-18 00:00:00',NULL),(6,'Sculler 1x',1,NULL,2,'1997-06-18 00:00:00','1997-06-18 00:00:00',NULL),(7,'Sculler 2x / 2-',2,NULL,2,'1997-06-18 00:00:00','1997-06-18 00:00:00',NULL),(8,'Gig 2x',3,NULL,2,'1997-10-06 00:00:00','1997-10-06 00:00:00',NULL),(9,'Gig 3x',4,NULL,2,'1997-06-18 00:00:00','1997-06-18 00:00:00',NULL),(10,'4+ / 4-',5,NULL,2,'1997-06-18 00:00:00','1997-06-18 00:00:00',NULL),(11,'4x',4,NULL,2,'1997-06-18 00:00:00','1997-06-18 00:00:00',NULL),(12,'Svava 1x',1,NULL,2,'1997-06-18 00:00:00','1997-06-18 00:00:00',NULL),(13,'Motorbåde',0,NULL,0,'2004-09-11 00:00:00','2004-09-11 00:00:00',NULL);
/*!40000 ALTER TABLE `BoatType` ENABLE KEYS */;
UNLOCK TABLES;

--
-- Table structure for table `Damage`
--

DROP TABLE IF EXISTS `Damage`;
/*!40101 SET @saved_cs_client     = @@character_set_client */;
/*!40101 SET character_set_client = utf8 */;
CREATE TABLE `Damage` (
  `id` int(11) NOT NULL AUTO_INCREMENT,
  `Boat` int(11) DEFAULT NULL,
  `ResponsibleMember` int(11) DEFAULT NULL,
  `Damaged` datetime DEFAULT NULL,
  `RepairerMember` int(11) DEFAULT NULL,
  `Degree` int(11) DEFAULT NULL,
  `Repaired` datetime DEFAULT NULL,
  `Description` varchar(1000) DEFAULT NULL,
  `Created` datetime DEFAULT NULL,
  `Updated` datetime DEFAULT NULL,
  `Initials` varchar(10) DEFAULT NULL,
  PRIMARY KEY (`id`)
) ENGINE=InnoDB AUTO_INCREMENT=2783 DEFAULT CHARSET=latin1;
/*!40101 SET character_set_client = @saved_cs_client */;

--
-- Dumping data for table `Damage`
--

LOCK TABLES `Damage` WRITE;
/*!40000 ALTER TABLE `Damage` DISABLE KEYS */;
INSERT INTO `Damage` VALUES (2391,44,2224,NULL,2785,3,NULL,'Meddelelse fra administratoren: Båden kan ikke længere udskrives.','2012-06-21 00:00:00','2012-06-21 00:00:00','ADM'),(2466,119,2934,'2013-12-01 10:13:36',2766,3,'2013-04-07 15:06:55','vintervedligehold synes afsluttet','2013-01-12 00:00:00','2013-01-12 00:00:00','SYS'),(2467,202,2342,'2013-12-01 14:35:45',2715,3,'2013-03-14 18:59:38','Vintervedligehold.','2013-01-12 00:00:00','2013-01-12 00:00:00','SYS'),(2468,201,2908,'2013-12-01 14:36:16',2276,3,'2013-03-14 19:01:03','vintervedligehold','2013-01-12 00:00:00','2013-01-12 00:00:00','SYS'),(2469,46,2517,'2013-01-13 13:17:53',2237,3,'2013-08-11 12:42:55',NULL,'2013-01-13 00:00:00','2013-01-13 00:00:00','SYS'),(2470,118,2859,'2013-01-27 16:51:11',2356,3,'2013-04-05 17:26:31','Vintervedligehold','2013-01-27 00:00:00','2013-01-27 00:00:00','SYS'),(2471,201,2748,'2013-03-14 19:01:46',2069,1,'2013-04-14 11:37:16','Smi er ikke stillet efter vintervedligehold','2013-03-14 00:00:00','2013-03-14 00:00:00','SYS'),(2472,203,2162,'2013-03-17 12:39:48',2276,2,'2013-03-24 16:16:54','Forluge sendt på værft. Montering af nummerholder.\nFenris mangler således sin forluge.','2013-03-17 00:00:00','2013-03-17 00:00:00','SYS'),(2473,196,2564,'2013-03-24 16:17:05',2175,3,'2013-03-24 16:17:36','Forluge sendt på værft. Montering af nummerholder.\nFenris mangler således sin forluge.','2013-03-24 00:00:00','2013-03-24 00:00:00','SYS'),(2474,203,2338,'2013-03-24 16:17:48',2046,3,'2013-04-14 13:21:51','Forluge sendt på værft. Montering af nummerholder.\nFenris mangler således sin forluge.\n\nForluge fungerer,','2013-03-24 00:00:00','2013-03-24 00:00:00','SYS'),(2475,118,2997,'2013-05-04 17:26:39',2703,2,'2013-05-15 17:05:48','Kan bruges men mangler.\n- montering af trædeplade ved siden af 2er\n- dims, så spændholdt ved 2er kan sættes på\n\n','2013-04-05 00:00:00','2013-04-05 00:00:00','SYS'),(2476,228,2972,'2013-06-04 11:34:17',2383,1,NULL,'Hak i cockpitkant styrbord og front\nHak i stæv\nHak i top mod stævn','2013-04-06 00:00:00','2013-04-06 00:00:00','SYS'),(2477,147,2869,'2013-06-04 13:46:21',2802,1,'2013-09-02 17:34:43','Cockpitkant i stykker','2013-04-06 00:00:00','2013-04-06 00:00:00','SYS'),(2478,131,2432,'2013-06-04 13:47:59',2864,2,'2013-05-12 19:24:38','Igangværende reperation...\nMindre huller flere steder er ved at blive udbedret','2013-04-06 00:00:00','2013-04-06 00:00:00','SYS'),(2479,143,2549,'2013-06-04 14:20:11',2917,1,NULL,'lakken er slidt af. skal slibes og lakeres','2013-04-06 00:00:00','2013-04-06 00:00:00','SYS'),(2480,186,2454,'2013-06-04 14:21:12',2991,1,NULL,'skal repareres ved cockpitkanten (fiberreparation)','2013-04-06 00:00:00','2013-04-06 00:00:00','SYS'),(2481,174,2620,'2013-06-04 14:46:11',2206,1,'2014-04-26 14:47:11','Mangler plastiklåg til lastrummet','2013-04-06 00:00:00','2013-04-06 00:00:00','SYS'),(2482,133,2740,'2013-06-04 14:52:46',2055,1,'2014-04-21 16:51:40','SOLGT.   ','2013-04-06 00:00:00','2013-04-06 00:00:00','SYS'),(2483,158,2839,'2013-07-04 11:17:06',2656,3,'2013-04-18 19:58:05','sædet svært skadet','2013-04-07 00:00:00','2013-04-07 00:00:00','SYS'),(2484,134,2978,'2013-07-04 11:56:55',2118,1,NULL,'flækket i agterskroget','2013-04-07 00:00:00','2013-04-07 00:00:00','SYS'),(2485,145,2373,'2013-07-04 14:12:49',2621,3,'2013-04-14 09:40:25','Der mangler ror såvel som forluge. Ellers er båden klar.\nFundet ror og luge..Diana','2013-04-07 00:00:00','2013-04-07 00:00:00','SYS'),(2487,119,2542,'2013-07-04 19:36:26',2898,3,'2013-04-22 22:05:24','Båden er ikke klar efter vintervedligehold - lugen er lagt til side til værft, da nummerholder skal flyttes over på lugen.\n\n','2013-04-07 00:00:00','2013-04-07 00:00:00','SYS'),(2488,142,2915,'2013-09-04 18:50:19',2236,2,'2013-05-27 14:26:22','Spændhold/fodspark på 2er plads mangler','2013-04-09 00:00:00','2013-04-09 00:00:00','SYS'),(2489,225,2950,'2013-11-04 17:00:40',2483,3,'2013-04-14 12:18:48','Ikke klar efter vintervedligehold\n\nSvivler monteret og målt groft igennem.','2013-04-11 00:00:00','2013-04-11 00:00:00','SYS'),(2490,94,2008,'2013-11-04 17:13:52',2710,3,'2013-04-14 12:19:28','2er sædet kører ikke i skinnen. Sædet er flækket og skinnen er fejlmonteret','2013-04-11 00:00:00','2013-04-11 00:00:00','SYS'),(2492,35,2914,'2013-11-04 18:13:31',2380,1,NULL,'Den tager vand ind.... Der vil blive set på det til noget sommervedligehold','2013-04-11 00:00:00','2013-04-11 00:00:00','SYS'),(2493,17,2010,'2013-04-13 16:57:54',2592,1,'2013-05-05 12:39:05','1er-svirvel er svær at løsne og stramme.','2013-04-13 00:00:00','2013-04-13 00:00:00','SYS'),(2494,201,2306,'2013-04-14 11:36:26',2820,1,'2013-06-04 18:54:53','Løs skrue fundet i bunden af båden. Vi har ikke kunnet identificere hvor den stammer fra.','2013-04-14 00:00:00','2013-04-14 00:00:00','SYS'),(2495,94,2502,'2013-04-14 12:19:45',2329,1,'2014-03-09 15:54:34','Listen under 1er sædet er repareret og båden er funktionsdygtig. På sigt skal der lave en ny liste.','2013-04-14 00:00:00','2013-04-14 00:00:00','SYS'),(2496,225,2590,'2013-04-14 12:43:18',2182,2,'2013-04-16 18:32:22','Bundbrædder mangler. Kan ikke roes uden.','2013-04-14 00:00:00','2013-04-14 00:00:00','SYS'),(2497,230,2447,'2013-04-14 13:14:41',2921,3,'2013-06-16 13:31:59','mangler korrekt spændholt','2013-04-14 00:00:00','2013-04-14 00:00:00','SYS'),(2498,19,2466,'2013-04-14 13:55:28',2066,3,'2013-04-30 18:31:43','Gennemgående revne ved 2. plads på bagbord side, 3. bord ca 30 cm, markeret med malertape.\nKunne ikke finde skaden´, og det ser ikke som om Fafner har været ude og ro i år. Tror skadesmelder har taget fejl af Fafner og Fenris.','2013-04-14 00:00:00','2013-04-14 00:00:00','SYS'),(2500,107,2551,'2013-04-18 20:02:58',2619,1,'2013-05-28 19:26:26','fiber reperation af bunden. Gelcoat mangler på venstre side forest','2013-04-18 00:00:00','2013-04-18 00:00:00','SYS'),(2501,107,2785,'2013-04-18 20:05:04',2405,2,'2013-05-28 19:26:18','Pumpe mangler at blive fast gjort','2013-04-18 00:00:00','2013-04-18 00:00:00','SYS'),(2502,118,2276,'2013-04-22 19:22:22',2168,1,'2013-05-27 13:37:16','trinbræt ved 2er-plads er ikke skruet fast - det ligner, at båden ikke er klar efter vintervedligehold','2013-04-22 00:00:00','2013-04-22 00:00:00','SYS'),(2503,119,2024,'2013-04-25 19:36:49',2627,1,'2013-04-30 21:03:20','På 1 og 2 sædet er de hvide skinner til sædet skruet for hårdt i. Skinnerne er bulet ud og sædet køre på. Skinnen går snart i stykker og skal skiftes.','2013-04-25 00:00:00','2013-04-25 00:00:00','SYS'),(2504,1,2292,'2013-04-30 19:37:35',2631,3,'2013-05-05 09:03:54','6. bord styrbord ved forskot. Råd og manglende lak omkring nagle/nitte. Skal slibes og lakeres efter tørring. Dorfor kan den ikke ros. Se også samme bord lidt længere for, som også skal slibes og lakeres.','2013-04-30 00:00:00','2013-04-30 00:00:00','SYS'),(2505,28,2390,'2013-01-05 19:51:34',2274,3,'2013-05-14 22:02:15','Båden kan roes!!!\nSpændholdt på firepladsen LAVET :)\nsPIDS KRÆVER PROF REP.','2013-05-01 00:00:00','2013-05-01 00:00:00','SYS'),(2506,237,2072,NULL,2476,3,'2013-06-05 17:49:50','Meddelelse fra administratoren: Båden kan ikke længere udskrives.','2013-05-02 00:00:00','2013-05-02 00:00:00','ADM'),(2509,160,2082,'2013-04-05 12:15:46',2193,3,'2013-05-04 18:18:26','reserveret til åbent hus','2013-05-04 00:00:00','2013-05-04 00:00:00','SYS'),(2510,145,2221,'2013-04-05 15:13:05',2840,3,'2013-05-04 15:16:56','4 åren er løs. Træskaftet kan trækkes helt ud. Behov for ny lim. ','2013-05-04 00:00:00','2013-05-04 00:00:00','SYS'),(2511,9,2858,'2013-04-05 17:05:35',2622,1,'2014-01-05 13:56:25','Tager vand ind, kan dog ros.','2013-05-04 00:00:00','2013-05-04 00:00:00','SYS'),(2512,17,2630,'2013-05-05 12:37:50',2589,2,'2013-05-06 18:05:41','H-bro skiftet, sæde repareret.\n\n1-sæde i stykker - plastik der holder hjul er knækket.','2013-05-05 00:00:00','2013-05-05 00:00:00','SYS'),(2513,145,2578,'2013-05-05 15:19:34',2083,1,'2013-05-27 14:27:10','Firer åren er lånt fra Embla, da den rigtige åre skal limes.','2013-05-05 00:00:00','2013-05-05 00:00:00','SYS'),(2514,82,2000,'2013-06-05 18:01:02',2644,3,'2013-05-30 18:11:15','Båden mangler årer, ror mv.','2013-05-06 00:00:00','2013-05-06 00:00:00','SYS'),(2515,19,2265,'2013-08-05 17:33:34',2974,2,'2013-05-16 19:15:18','Er ikke klargjort efter vintervedligehold!? Mangler diverse monteringer.','2013-05-08 00:00:00','2013-05-08 00:00:00','SYS'),(2517,27,2830,'2013-05-13 17:31:25',2785,3,NULL,'Fodspark mangler ','2013-05-13 00:00:00','2013-05-13 00:00:00','SYS'),(2518,142,2177,'2013-05-13 17:46:18',2102,3,'2013-05-13 19:48:23','bundpropper lundt til bjarke... de er tilbage 13:05:13 kl 20:30','2013-05-13 00:00:00','2013-05-13 00:00:00','SYS'),(2519,36,2394,'2013-05-14 16:51:54',2153,2,'2013-12-11 18:11:03','Mangler bundbræt under styrmandssæde og bundbræt i stævnen. Har ikke været muligt af finde efter Vinterens bådvedligehold.','2013-05-14 00:00:00','2013-05-14 00:00:00','SYS'),(2520,221,2438,'2013-05-14 17:38:15',2460,1,'2014-04-27 14:02:47','Mangler fodspark.','2013-05-14 00:00:00','2013-05-14 00:00:00','SYS'),(2522,23,2742,'2013-05-20 18:22:07',2822,2,'2013-06-16 14:57:17','Stævnen skadet. Hullet lappet med gaffa tape.','2013-05-20 00:00:00','2013-05-20 00:00:00','SYS'),(2523,86,2678,'2013-05-21 17:10:12',2593,3,'2013-05-27 14:11:22','Mangler pind til roret','2013-05-21 00:00:00','2013-05-21 00:00:00','SYS'),(2524,35,2164,'2013-05-21 19:08:52',2499,3,'2013-05-27 13:42:03','spændholt på toer plads itu. ','2013-05-21 00:00:00','2013-05-21 00:00:00','SYS'),(2525,142,2784,'2013-05-23 17:08:56',2714,3,'2013-05-27 14:26:13','Fireråre udlånt til Njord','2013-05-23 00:00:00','2013-05-23 00:00:00','SYS'),(2526,19,2430,'2013-05-23 19:28:37',2077,3,'2013-06-04 19:47:12','Tager meget vand ind. ca 1 bord på 1½ km','2013-05-23 00:00:00','2013-05-23 00:00:00','SYS'),(2527,157,2800,'2013-05-23 19:48:01',2239,1,'2013-05-28 20:33:06','Ror støder imod og er skævt.','2013-05-23 00:00:00','2013-05-23 00:00:00','SYS'),(2528,160,2710,'2013-05-23 20:10:50',2966,3,'2013-06-16 15:07:33','Rorets øvre hængsel er knækket.','2013-05-23 00:00:00','2013-05-23 00:00:00','SYS'),(2529,157,2151,'2013-05-28 17:24:46',2114,3,'2013-05-28 20:32:51','Ror skal rettes op/skiftes...\n\nEr fikset sammen med Lars','2013-05-28 00:00:00','2013-05-28 00:00:00','SYS'),(2530,119,2623,'2013-05-28 20:09:50',2672,1,'2013-06-16 15:06:50',NULL,'2013-05-28 00:00:00','2013-05-28 00:00:00','SYS'),(2531,119,2664,'2013-05-28 20:09:50',2020,1,'2013-06-16 15:06:41','på plads 1 og 2 revnet.','2013-05-28 00:00:00','2013-05-28 00:00:00','SYS'),(2532,119,2451,'2013-05-28 20:09:50',2083,1,'2013-06-16 15:06:32','Svivel på plads 1 og 2 revnet.','2013-05-28 00:00:00','2013-05-28 00:00:00','SYS'),(2533,238,2266,'2013-05-29 08:18:44',2355,3,'2013-05-30 21:19:28','Svær under båd sidder løst, der skal kigges på manual for at montere det rigtig. Diana 61663624','2013-05-29 00:00:00','2013-05-29 00:00:00','SYS'),(2534,228,2973,'2013-05-29 17:33:20',2527,3,'2014-05-10 16:50:23','Defekt ror.','2013-05-29 00:00:00','2013-05-29 00:00:00','SYS'),(2535,82,2070,'2013-05-30 18:21:44',2570,3,'2013-06-16 15:07:55','Spændholt mangler beslag. ','2013-05-30 00:00:00','2013-05-30 00:00:00','SYS'),(2536,93,2430,'2013-04-06 19:36:11',2272,1,'2013-06-20 20:22:38','1 er sædet kører meget dårligt og larmer. Nogle sætter det sig næsten fast.\n\n20. juni, 2013:\n  Sæde 1 er lavet.','2013-06-04 00:00:00','2013-06-04 00:00:00','SYS'),(2537,19,2940,'2013-04-06 19:47:32',2649,2,'2013-08-07 19:38:27','Kan tage en del vand ind?','2013-06-04 00:00:00','2013-06-04 00:00:00','SYS'),(2539,143,2254,'2013-05-06 18:30:15',2205,3,NULL,'Hul i svær... Er blev sparlet d.5 juni','2013-06-05 00:00:00','2013-06-05 00:00:00','SYS'),(2540,131,2024,'2013-05-06 18:31:52',2731,1,'2014-04-21 16:46:29','Hul i arkter vensterside,... Er blevet sparlet d. 5.juni','2013-06-05 00:00:00','2013-06-05 00:00:00','SYS'),(2541,231,2355,'2013-05-06 18:32:14',2043,2,'2013-06-18 19:31:40','Skade i svæn er blevet sparlet. d. ukendt','2013-06-05 00:00:00','2013-06-05 00:00:00','SYS'),(2542,224,2706,'2013-05-06 18:33:12',2022,1,'2014-04-26 14:49:35','Skade i stævn er blevet sparlet. ','2013-06-05 00:00:00','2013-06-05 00:00:00','SYS'),(2544,196,2212,'2013-09-06 10:41:27',2825,1,'2013-06-09 11:07:27',NULL,'2013-06-09 00:00:00','2013-06-09 00:00:00','SYS'),(2545,145,2661,'2013-09-06 11:08:11',2196,3,'2013-06-16 15:07:17','Øverste split/hægte på roret brækket af (torsdag eller tidligere!!) Nødtørftigt repereret. Ror kan sættes på, men kan ikke \"låses fast\". Det hopper altså let af ved søgang!\nNjord-INKA-kaproningsteam og materiel-chefen arbejder på en hurtig løsning.\n\n','2013-06-09 00:00:00','2013-06-09 00:00:00','SYS'),(2546,94,2673,'2013-09-06 12:01:40',2504,1,'2013-06-09 12:01:55','Under reperation','2013-06-09 00:00:00','2013-06-09 00:00:00','SYS'),(2547,94,2383,'2013-09-06 12:02:14',2931,3,'2013-06-15 11:52:34','Under reperation - er udført','2013-06-09 00:00:00','2013-06-09 00:00:00','SYS'),(2548,238,2893,'2013-09-06 16:05:46',2145,2,'2013-06-16 15:13:21','årerne har fået mange skrammer, og derfor har de fået \"plaster\" på i form af gaffatape for at holde på stumperne. Sørg for at sætte nyt tape på hakkerne, hvis det falder af, og pas på I ikke ror mikado-roning.\nGod tur!','2013-06-09 00:00:00','2013-06-09 00:00:00','SYS'),(2549,23,2322,'2013-11-06 15:04:13',2931,3,'2013-06-16 14:57:27','Skal tørre inden reparation og må ikke komme på vandet!!!','2013-06-11 00:00:00','2013-06-11 00:00:00','SYS'),(2550,142,2926,'2013-11-06 19:13:30',2225,1,'2014-06-09 16:07:39','4 årer knirker ved rotag. Åren undersøgt og det ser ud til at være i limningen der er en lille sprække. ','2013-06-11 00:00:00','2013-06-11 00:00:00','SYS'),(2551,115,2669,'2013-11-06 20:23:16',2328,3,NULL,'Ror skal justeres og strammes. Det sætter sig fast i skæv position ved roning','2013-06-11 00:00:00','2013-06-11 00:00:00','SYS'),(2552,203,2565,'2013-11-06 22:58:24',2963,1,'2013-06-13 19:18:44','Klemring bagbord skal skiftes, da den er flækket.','2013-06-11 00:00:00','2013-06-11 00:00:00','SYS'),(2553,98,2817,'2013-12-06 19:51:22',2838,3,'2013-06-30 16:29:49',NULL,'2013-06-12 00:00:00','2013-06-12 00:00:00','SYS'),(2554,1,2395,'2013-06-15 23:22:40',2299,3,'2013-06-17 20:47:36','Rep søndag 16 juni. Indtag af vand i forrummmet. \n ','2013-06-15 00:00:00','2013-06-15 00:00:00','SYS'),(2555,54,2524,'2013-06-16 13:30:41',2980,1,NULL,'tager lidt vand ind men kan sagtens ros.','2013-06-16 00:00:00','2013-06-16 00:00:00','SYS'),(2556,230,2433,'2013-06-16 13:36:29',2006,1,'2013-07-08 18:37:42','forluge mangler. Hullet er dækket med plastic og tapet til. Plastic må ikke fjernes og skal skiftes, hvis der går hul på det. ','2013-06-16 00:00:00','2013-06-16 00:00:00','SYS'),(2557,19,2595,'2013-06-16 14:07:47',2090,3,'2013-08-07 19:38:18','Ved at få repareret en revne i bunden. ','2013-06-16 00:00:00','2013-06-16 00:00:00','SYS'),(2558,84,2677,'2013-06-16 14:34:10',2429,3,'2013-06-27 16:44:46','Skal lånes til roklubben Halvtolv og må ikke bruges','2013-06-16 00:00:00','2013-06-16 00:00:00','SYS'),(2559,93,2599,'2013-06-16 14:41:05',2875,3,'2013-06-20 20:20:59','Begge sæder er ved at blive repareret. Båden kan først ros, når de er færdigrepareret.\n\n20. juni, 2013:\n- Sæde 1 fungerer fint.\n- Sæde 2 fungerer fint.\n','2013-06-16 00:00:00','2013-06-16 00:00:00','SYS'),(2560,78,2965,'2013-06-16 14:42:13',2094,3,'2013-06-21 15:46:12','1er sædet er ved at blive repareret. Båden kan først ros, når det er færdigrepareret.','2013-06-16 00:00:00','2013-06-16 00:00:00','SYS'),(2561,23,2029,'2013-06-16 14:57:32',2841,1,'2013-06-21 19:33:41','Stævn fået geelcoat 16.6 kan bruges 17.6\n\n21. juni, 2013: Kan bruges nu.','2013-06-16 00:00:00','2013-06-16 00:00:00','SYS'),(2562,238,2249,'2013-06-16 15:14:20',2925,2,'2014-04-30 21:45:04','Årerne har fået mange skader af at støde sammen. Nogle af dem er blevet limet, og tape og film skal fjernes inden den kan ro. Forsegl det med Gaffa','2013-06-16 00:00:00','2013-06-16 00:00:00','SYS'),(2563,195,2160,'2013-06-16 15:54:49',2106,3,'2013-06-20 18:17:24','Afstandsplade mellem rig og båd knækket/bortkommet. Ny laves. Ida Eltorm (91329501) har alle delene og laver reparationen snarest.','2013-06-16 00:00:00','2013-06-16 00:00:00','SYS'),(2564,135,2053,'2013-06-16 19:21:44',2750,3,'2013-07-02 19:30:40','Fodspark på toer plads er gået af i højre side','2013-06-16 00:00:00','2013-06-16 00:00:00','SYS'),(2565,196,2783,'2013-06-17 20:28:26',2437,3,'2013-08-10 14:12:38','Bådvogn T9 har løst hjul på v side og beslag vredet, således at vognen ikke kan køre. Står på græsset.\n\nSkaden ser ud til at have været under udvikling længe.\n\nDen beskrevne skade er ike relateret til båden.','2013-06-17 00:00:00','2013-06-17 00:00:00','SYS'),(2566,55,2760,'2013-06-17 21:29:30',2934,1,NULL,'Tager lidt vand ind, men kan sagtens ros','2013-06-17 00:00:00','2013-06-17 00:00:00','SYS'),(2567,17,2452,'2013-06-17 21:34:00',2362,1,'2013-09-15 12:27:00','Mangler bundbræt på 1er-pladsen. ','2013-06-17 00:00:00','2013-06-17 00:00:00','SYS'),(2568,28,2977,'2013-06-18 16:51:55',2007,1,'2013-08-11 09:24:24','OBS vær opmærksom på bunpropper når de skrues i, de kan gå skævt i, også kommer der vand ind.','2013-06-18 00:00:00','2013-06-18 00:00:00','SYS'),(2569,13,2535,NULL,2945,3,NULL,'Meddelelse fra administratoren: Båden kan ikke længere udskrives.','2013-06-19 00:00:00','2013-06-19 00:00:00','ADM'),(2570,23,2743,'2013-06-20 17:36:34',2708,3,'2013-06-21 19:33:09','Fodspark beskadet.\n\n21. juni, 2013: \nRepareret.','2013-06-20 00:00:00','2013-06-20 00:00:00','SYS'),(2571,195,2109,'2013-06-20 18:19:01',2705,1,'2013-08-11 15:18:38','Afstandsplade mellem rig og båd knækket/bortkommet. Nye lavet og skal samles. De ligger i pose sammen med riggene, som hænger for spidsen af Thor (4-åres) i bådhallen.\n11/8-13 Nye afstandsplader lavet og monteret-','2013-06-20 00:00:00','2013-06-20 00:00:00','SYS'),(2572,118,2316,'2013-06-23 23:33:31',2401,2,'2013-07-08 22:21:58','Metalbeslaget i bunden på 4er-spændholdet er knækket.\n\nSkiftet med reservededele fra værkstedet','2013-06-23 00:00:00','2013-06-23 00:00:00','SYS'),(2573,78,2255,'2013-06-24 20:56:01',2892,1,'2013-08-11 13:01:24','Sæde på 1´er plads løber ikke som det skal','2013-06-24 00:00:00','2013-06-24 00:00:00','SYS'),(2576,160,2316,'2013-06-27 22:04:01',2294,3,'2013-07-16 17:21:47','Tværpind af stål under 2-erens sæde er knækket. Der skal monteres en ny pind med hjul under sædet, for at gøre det funktionsdygtigt.\nDer er formentlig tale om et træthedsbrud.\n\nDet er hårdt at ro på dette sæde, men det kan lade sig gøre for garvede og udholdende roere, der spiser undervejs.','2013-06-27 00:00:00','2013-06-27 00:00:00','SYS'),(2577,230,2009,'2013-06-29 10:30:07',2629,3,'2013-07-08 16:00:46','Lånt axel på 2er sæde til Njord, hvis sæde gik i stykker under træning. Axel sættes tilbage efter træningspas.','2013-06-29 00:00:00','2013-06-29 00:00:00','SYS'),(2578,221,2093,'2013-06-30 12:22:03',2267,3,'2013-08-15 17:49:36','Roret dur ikke - rorlinen skal strammes','2013-06-30 00:00:00','2013-06-30 00:00:00','SYS'),(2579,22,2440,'2013-06-30 19:54:52',2444,2,'2013-08-13 10:41:17','Liste i bagbord ved styrmandssæde knækket. Træd ikke på det.','2013-06-30 00:00:00','2013-06-30 00:00:00','SYS'),(2580,78,2922,'2013-01-07 19:53:19',2420,1,'2013-08-11 15:05:36','Lidt vand siver ind i agterrum fra styrmandspladsen.','2013-07-01 00:00:00','2013-07-01 00:00:00','SYS'),(2581,118,2294,'2013-01-07 20:44:30',2770,1,'2013-07-08 22:22:31','Skruegrebet i bundprop i stævn er gået i stykker og bundprop kan derfor ikke tages ud. Er ikke utæt på trods heraf.\n\nDen tager vi til vinter!','2013-07-01 00:00:00','2013-07-01 00:00:00','SYS'),(2582,225,2700,'2013-02-07 18:39:42',2590,1,'2013-09-15 12:28:40','2er sæde kører trægt og hopper lidt. Muligvis ny plastik?','2013-07-02 00:00:00','2013-07-02 00:00:00','SYS'),(2583,70,2621,'2013-02-07 20:22:06',2641,3,'2013-07-25 19:04:47','under reperation. I teltet. forv færdig 10/7 2013\n\n','2013-07-02 00:00:00','2013-07-02 00:00:00','SYS'),(2584,28,2006,'2013-04-07 20:42:30',2437,1,'2013-07-04 20:44:29','Der mangler en 1/2-tomme pakning på den ene bundprop.','2013-07-04 00:00:00','2013-07-04 00:00:00','SYS'),(2585,10,2165,'2013-08-07 15:58:31',2259,3,'2013-07-12 12:06:37','under gennemgang/reparation før langtur','2013-07-08 00:00:00','2013-07-08 00:00:00','SYS'),(2586,93,2808,'2013-08-07 15:59:00',2986,3,'2013-07-12 12:07:48','Under gennemgang/reparation før langtur','2013-07-08 00:00:00','2013-07-08 00:00:00','SYS'),(2587,1,2549,'2013-08-07 18:48:11',2157,1,'2013-07-20 15:31:16','2er sædes skinne skal have en ny skrue.','2013-07-08 00:00:00','2013-07-08 00:00:00','SYS'),(2589,142,2955,'2013-09-07 19:14:02',2644,1,'2014-06-09 16:05:52','Bagbord 2 bundbræt skal limes','2013-07-09 00:00:00','2013-07-09 00:00:00','SYS'),(2590,203,2814,'2013-09-07 19:59:49',2753,2,'2013-07-09 20:00:51','møgbåd','2013-07-09 00:00:00','2013-07-09 00:00:00','SYS'),(2591,119,2207,'2013-11-07 08:13:43',2834,3,'2013-07-17 16:44:06','1er stamme knækket\n\n','2013-07-11 00:00:00','2013-07-11 00:00:00','SYS'),(2592,35,2590,'2013-11-07 19:16:02',2913,3,NULL,'Hul i bunden ved 2 sædet 1st bor\nSkal tør','2013-07-11 00:00:00','2013-07-11 00:00:00','SYS'),(2593,142,2333,'2013-11-07 20:45:04',2063,1,'2013-08-11 14:00:42','Der var en anselse vand i forrummet da vi kom ind. Hold øje med om der er en utæthed.','2013-07-11 00:00:00','2013-07-11 00:00:00','SYS'),(2594,157,2893,'2013-07-16 17:51:18',2573,2,'2013-08-04 13:48:56','Skinner på fodstøtte bøjet og kan ikke sættes ind i holderen.\nLån evt. fodstøtte fra anden Spica.\nByttet fodspark med Mulle.','2013-07-16 00:00:00','2013-07-16 00:00:00','SYS'),(2596,156,2668,'2013-07-23 20:07:35',2677,1,NULL,'Der var en flænge i bunden af kajakken','2013-07-23 00:00:00','2013-07-23 00:00:00','SYS'),(2597,201,2933,'2013-07-24 20:45:06',2348,3,'2014-06-04 22:05:06','Kristian er blevet påsejlet af en vandscooter, og er muligvis totalskadet.\n','2013-07-24 00:00:00','2013-07-24 00:00:00','SYS'),(2598,33,2663,'2013-07-26 07:41:50',2709,2,'2013-07-26 08:14:38','toer-sæde, skadet i kuglelejer. kører kun meget dårligt i skinnen. Bør rep. omg  ','2013-07-26 00:00:00','2013-07-26 00:00:00','SYS'),(2599,1,2514,'2013-07-27 16:01:44',2503,1,'2013-07-28 12:53:00','Jeg har taget snoren til roret med hjem og lagt den i Rodalon fordi den lugter af sure tæer. Jeg tager den med i morgen søndag d. 28.juli.','2013-07-27 00:00:00','2013-07-27 00:00:00','SYS'),(2600,93,2581,'2013-07-30 16:03:59',2388,3,'2013-08-15 22:30:49','Vi skal lige have fikset et par småskader efter en skøn langtur Oslo - Købenahavn. ','2013-07-30 00:00:00','2013-07-30 00:00:00','SYS'),(2601,10,2363,'2013-07-30 16:05:30',2433,3,'2013-08-02 11:52:09','Vi skal lige have fikset et par skader efter en skøn langtur Oslo - København','2013-07-30 00:00:00','2013-07-30 00:00:00','SYS'),(2602,147,2074,'2013-07-31 18:36:21',2000,2,'2013-09-02 17:34:33','Kajak er revnet/knækket i yderste glasfiberlag i begge sider cirka på mindten, tager ikke vand ind men er sårbar.\n ','2013-07-31 00:00:00','2013-07-31 00:00:00','SYS'),(2603,147,2279,'2013-04-08 12:41:29',2700,1,'2013-09-02 17:34:17','Revnen betyder at kajaken betyder at kajakken kan tage vand ind i glasfiberen og må derfor ikke roes.\n\n/Lars','2013-08-04 00:00:00','2013-08-04 00:00:00','SYS'),(2604,147,2175,'2013-04-08 13:49:19',2501,1,'2013-09-02 17:34:58','Fodspark bøjet, svært at få i skinne.','2013-08-04 00:00:00','2013-08-04 00:00:00','SYS'),(2605,147,2037,'2013-04-08 13:50:53',2406,1,'2013-08-04 13:52:17','Fodspark bøjet, kan ikke komme i skinne.','2013-08-04 00:00:00','2013-08-04 00:00:00','SYS'),(2607,209,2191,'2013-05-08 21:38:49',2422,3,'2014-06-18 16:33:43','Finne skiftet','2013-08-05 00:00:00','2013-08-05 00:00:00','SYS'),(2608,145,2973,'2013-05-08 22:03:58',2525,1,'2013-08-11 15:10:09','Fodholdet på plads 1 i styrbordside har en løs skrue.','2013-08-05 00:00:00','2013-08-05 00:00:00','SYS'),(2609,175,2298,'2013-06-08 20:09:13',2360,3,NULL,'Defekt ror - skal have ny tværpind til roret.','2013-08-06 00:00:00','2013-08-06 00:00:00','SYS'),(2610,142,2568,'2013-06-08 21:51:43',2225,3,'2013-08-07 20:10:09','3er spændholdt mangler beslag. Tabt et sted i bådhallen, men kan ikke findes.\n\nDer arbejdes på at finde en løsning.\n----\nBeslag fundet og sat på plads.','2013-08-06 00:00:00','2013-08-06 00:00:00','SYS'),(2611,195,2946,'2013-07-08 19:36:58',2046,3,'2013-08-11 15:17:11','Lakken står åben og blotter det rå træ på undersiden af båden langs den smalle stålskinne i spidsen (forenden). Skal repareres, før den kan ros.','2013-08-07 00:00:00','2013-08-07 00:00:00','SYS'),(2612,19,2030,'2013-07-08 19:38:36',2555,3,'2013-08-11 12:21:41','Aksel på 2er sædet knækket','2013-08-07 00:00:00','2013-08-07 00:00:00','SYS'),(2613,195,2310,'2013-07-08 19:55:30',2639,3,'2013-08-11 15:18:02','Ny tape skal sættes på dækken, hvor det gamle ødelagte er klippet af. Ca. midt på i bagbord side.\n11/8-13 Ny skadesmelding tastes med opdateret info.','2013-08-07 00:00:00','2013-08-07 00:00:00','SYS'),(2614,146,2459,'2013-07-08 20:10:10',2532,2,'2014-06-03 18:28:42','midre skade ved sædet bagbord','2013-08-07 00:00:00','2013-08-07 00:00:00','SYS'),(2615,240,2368,'2013-08-08 17:05:36',2740,3,'2013-08-12 16:53:56','Skal bruges til LDK-regatta og derfor pakkes på trailer kl. 18.30. Kan derfor ikke benyttes til instruktion eller andet 8. august 2013','2013-08-08 00:00:00','2013-08-08 00:00:00','SYS'),(2619,145,2689,'2013-11-08 09:37:43',2276,3,'2013-08-11 15:09:56','1 sæde mangler skrue. Hul limes og skal lakeres.','2013-08-11 00:00:00','2013-08-11 00:00:00','SYS'),(2620,28,2454,'2013-11-08 14:16:53',2651,3,'2013-08-13 19:19:42','4er sæde - skinne under rep. speedbunnies klarer sagerne','2013-08-11 00:00:00','2013-08-11 00:00:00','SYS'),(2621,142,2202,'2013-11-08 14:40:26',2428,3,'2013-09-02 17:05:57','Bundbræt mangler på 2er pladsen, bagbord. \nLimes og lakeres - processen er i gang. \n\nSer ud til at være færdig!','2013-08-11 00:00:00','2013-08-11 00:00:00','SYS'),(2622,34,2649,'2013-11-08 14:43:47',2190,1,'2013-08-11 17:43:12','2er pladsens spændholt kan godt bruges i de to yderste positioner (til lange ben). For at de to inderste (til korte ben) kan bruges, skal spændholtet justeres.','2013-08-11 00:00:00','2013-08-11 00:00:00','SYS'),(2623,191,2640,'2013-11-08 14:56:46',2662,2,NULL,'Forskellige revner der skal repareres','2013-08-11 00:00:00','2013-08-11 00:00:00','SYS'),(2625,145,2345,'2013-11-08 15:10:12',2729,3,'2013-08-16 15:14:59','1. sæde mangler skrue. Hul er for stort og limes+lakeres','2013-08-11 00:00:00','2013-08-11 00:00:00','SYS'),(2626,65,2966,'2013-11-08 15:18:47',2419,1,NULL,'Der er slør på fodsparket på 2er plads:\nBeslag i styrbord side på spænholdtstoften skal skiftes på næste sommervedligehold.','2013-08-11 00:00:00','2013-08-11 00:00:00','SYS'),(2628,34,2095,'2013-11-08 15:31:01',2275,1,'2014-06-24 18:05:28','akserne på 1er sæder er skæve. de er lidt bredere end standard så jeg arbejder lige lidt på at skaffe nogle.\nDer er ingen prioblemer med akslerne, så vidt jeg kan se.','2013-08-11 00:00:00','2013-08-11 00:00:00','SYS'),(2629,203,2079,'2013-11-08 15:57:30',2658,1,'2014-03-28 17:20:35','BB side nær spids - en del lakskader. til næste sommervedligehold','2013-08-11 00:00:00','2013-08-11 00:00:00','SYS'),(2630,94,2109,'2013-12-08 16:55:21',2465,3,'2014-04-16 20:31:59','Spændholdt - metalafstiver flækket på 1er plads og sæde under 2 plads','2013-08-12 00:00:00','2013-08-12 00:00:00','SYS'),(2631,22,2307,'2013-12-08 19:01:28',2350,3,'2013-08-13 10:40:38','Trædeliste udskiftet','2013-08-12 00:00:00','2013-08-12 00:00:00','SYS'),(2632,17,2210,'2013-08-13 20:41:39',2356,3,'2013-08-14 20:11:57','Fordækket er beskadiget, og båden må ikke anvendes.\n\nVil blive forsøgt lappet i morgen onsdag.','2013-08-13 00:00:00','2013-08-13 00:00:00','SYS'),(2633,17,2127,'2013-08-14 20:12:04',2731,1,'2014-04-17 17:48:37','Fordæk v. forluge, bagbords side er revnet (skade meldt til Materialforvalter).\nDækket er repareret med hvid gaffatape. Det vurderes at dæk skal skiftes.\nSkruer, der holdet dækket på plads,  er ikke lak-dyppede ifm. genmontering på baggrund af den formodede snarlige udskiftning.','2013-08-14 00:00:00','2013-08-14 00:00:00','SYS'),(2634,84,2005,'2013-08-15 17:06:34',2588,3,'2013-10-05 16:35:36','Udlånt til Kbh. Roklub','2013-08-15 00:00:00','2013-08-15 00:00:00','SYS'),(2635,221,2644,'2013-08-15 17:54:47',2748,2,'2014-07-02 17:35:36','Rolinie går løs, skal strammes','2013-08-15 00:00:00','2013-08-15 00:00:00','SYS'),(2636,160,2207,'2013-08-15 20:44:11',2977,1,'2013-08-25 15:04:46','jeg har lånt bundbrættet fra forrummet til langtur m nanna\nkommer tilbage søndag aften','2013-08-15 00:00:00','2013-08-15 00:00:00','SYS'),(2637,118,2103,'2013-08-15 20:54:37',2642,1,NULL,'Forreste bundprop kan ikke løsnes. Er tæt, men mangler håndgreb.','2013-08-15 00:00:00','2013-08-15 00:00:00','SYS'),(2638,93,2891,'2013-11-08 22:31:37',2278,1,'2014-03-30 17:32:26',NULL,'2013-08-15 00:00:00','2013-08-15 00:00:00','SYS'),(2639,1,2152,'2013-08-18 19:24:16',2463,1,'2013-08-25 16:33:11','Agterluge kører meget stramt, er revnet, og lugen må ikke anvendes.','2013-08-18 00:00:00','2013-08-18 00:00:00','SYS'),(2640,119,2085,'2013-08-18 19:27:40',2482,3,'2013-08-25 11:26:02','Flagholder er afmonteret midlertidigt (ligger i båden).\n\nMellem 2er og 3er pladsen er trædebrættet knækket og skal skiftes.\n\n1er pladsens bagbord skinne skal fastgøres (evt. skiftes). ','2013-08-18 00:00:00','2013-08-18 00:00:00','SYS'),(2641,28,2967,'2013-08-21 19:24:34',2023,1,'2013-08-25 15:02:40','Remmen på etter pladsen er i stykke','2013-08-21 00:00:00','2013-08-21 00:00:00','SYS'),(2642,118,2583,'2013-08-23 23:01:53',2667,1,'2013-09-15 11:30:10','Trædebrættet ved 2´er-pladsen er brækket og skal skiftes. 2´er pladsens sæde sidder for løst i skinnerne og hopper for nemt af.','2013-08-23 00:00:00','2013-08-23 00:00:00','SYS'),(2643,119,2015,'2013-08-25 11:25:51',2269,3,'2013-09-01 21:25:12','under reparation. Trædebrædt mangler.','2013-08-25 00:00:00','2013-08-25 00:00:00','SYS'),(2644,118,2323,'2013-08-25 11:26:29',2343,3,'2013-09-01 21:24:55','Under reparation. Trædebrædt mangler','2013-08-25 00:00:00','2013-08-25 00:00:00','SYS'),(2645,69,2574,'2013-08-25 12:49:28',2909,3,'2013-08-29 06:31:11','Har fået lak og skal tørre. Må ros fra mandag d. 26. august.','2013-08-25 00:00:00','2013-08-25 00:00:00','SYS'),(2646,36,2899,'2013-08-25 13:37:20',2520,1,'2014-05-08 16:28:53','Tager vand ind under styrmandssædet.','2013-08-25 00:00:00','2013-08-25 00:00:00','SYS'),(2647,17,2775,'2013-08-30 07:27:38',2870,1,'2013-09-15 12:25:21','Agter bundprop (agterskottet) har sat sig fast','2013-08-30 00:00:00','2013-08-30 00:00:00','SYS'),(2648,147,2180,'2013-02-09 17:32:45',2794,3,'2014-05-12 18:05:39','Måikke  ikke roes den tager vand ind i glasfiberen, og kan nemt knække helt over.','2013-09-02 00:00:00','2013-09-02 00:00:00','SYS'),(2649,142,2573,'2013-02-09 18:43:04',2361,2,'2014-06-09 16:04:41','Bundbræt mangler ved 1er plads styrbord','2013-09-02 00:00:00','2013-09-02 00:00:00','SYS'),(2650,203,2329,'2013-04-09 21:05:51',2423,3,'2013-09-05 18:55:38','Mangler tov i roret - er til vask. Lugter fælt.','2013-09-04 00:00:00','2013-09-04 00:00:00','SYS'),(2651,55,2922,'2013-05-09 18:56:13',2033,3,NULL,'Mangler tov til ror (styreline)','2013-09-05 00:00:00','2013-09-05 00:00:00','SYS'),(2653,146,2361,'2013-08-09 21:01:54',2370,1,'2013-09-08 21:05:20','Ror ødelagt.','2013-09-08 00:00:00','2013-09-08 00:00:00','SYS'),(2654,146,2930,'2013-08-09 21:05:29',2172,3,'2014-04-27 09:58:05','Ror ødelagt','2013-09-08 00:00:00','2013-09-08 00:00:00','SYS'),(2655,86,2571,'2013-11-09 19:17:16',2747,1,'2013-09-11 19:25:19','Båden mangler en original rorpind.\nKan ros indtil videre, men bør skiftes.','2013-09-11 00:00:00','2013-09-11 00:00:00','SYS'),(2656,119,2062,'2013-11-09 19:40:31',2221,1,'2013-09-30 19:05:33','Svirlen på Firerpladsen er vredet og blød i plasten. Bør skiftes ved vintervedligehold','2013-09-11 00:00:00','2013-09-11 00:00:00','SYS'),(2658,119,2791,'2013-12-09 17:56:00',2664,1,'2014-04-10 18:46:55','Rem på spændholt på etterpladsen er defekt','2013-09-12 00:00:00','2013-09-12 00:00:00','SYS'),(2659,160,2172,'2013-12-09 18:23:12',2725,1,'2014-06-15 14:44:53','Læderstropperne på 1eren og 2eren er knækket langt ned, så de er meget stramme.','2013-09-12 00:00:00','2013-09-12 00:00:00','SYS'),(2660,211,2487,'2013-12-09 18:52:15',2632,2,NULL,'stræber på 2er rig er knækket. Skal fjernes før roning og så skal man være forsigtig ved roning og manøvrering på denne plads. (cox-boks virker ikke).','2013-09-12 00:00:00','2013-09-12 00:00:00','SYS'),(2661,233,2919,'2013-09-14 16:01:25',2988,2,NULL,'Sæde kan ikke sættes fast pga løs spændeskrue skinne ','2013-09-14 00:00:00','2013-09-14 00:00:00','SYS'),(2663,23,2925,'2013-09-15 12:51:47',2264,1,NULL,'Mangler ryglæn, værftopgave','2013-09-15 00:00:00','2013-09-15 00:00:00','SYS'),(2664,82,2217,'2013-09-24 18:55:05',2184,1,'2014-05-25 19:05:51','3´er fodspark i stykker.\n\n\nRepareret.','2013-09-24 00:00:00','2013-09-24 00:00:00','SYS'),(2665,84,2308,'2013-05-10 16:41:15',2127,1,'2014-06-13 19:14:32','Tager vamd ind i forrummet og måske også lidt i agterrummet.','2013-10-05 00:00:00','2013-10-05 00:00:00','SYS'),(2666,79,2890,'2013-07-10 18:41:53',2083,2,'2014-04-19 12:08:27','Tager vand i agterrummet.','2013-10-07 00:00:00','2013-10-07 00:00:00','SYS'),(2667,94,2530,'2013-10-14 16:01:58',2034,3,'2014-03-09 15:54:02','Transportskade ud for 2 plads. Træ blotlagt på essingen. Skal tørre og repareres.','2013-10-14 00:00:00','2013-10-14 00:00:00','SYS'),(2668,203,2976,'2013-10-17 18:26:46',2920,1,'2014-03-28 17:20:14','Læderrem på 2er plads, bagbord gået i stykker, fikset med en strip midlertidigt.','2013-10-17 00:00:00','2013-10-17 00:00:00','SYS'),(2669,93,2296,'2013-10-22 18:25:50',2503,1,'2014-03-30 17:32:35',NULL,'2013-10-22 00:00:00','2013-10-22 00:00:00','SYS'),(2670,145,2549,'2013-10-22 18:39:04',2753,1,NULL,'Knækket klemring på 4.åre.','2013-10-22 00:00:00','2013-10-22 00:00:00','SYS'),(2671,9,2860,'2013-10-26 13:35:26',2257,3,'2014-01-05 13:56:35','Revne under 2er 2. bord. Der trænger vand ind. Må ikke ros. Under vintervedligehold 2013-2014. //Tim 29862668','2013-10-26 00:00:00','2013-10-26 00:00:00','SYS'),(2672,78,2653,'2013-10-29 12:38:48',2028,2,'2014-06-15 10:46:16','1er pladsen.\nSpændholdt sidder ikke længere fast på \"pladen\"/tværpinden.\nKan \"fixes\" midlertidigt, men trænger til nye skruer og huller eller udskiftning. ','2013-10-29 00:00:00','2013-10-29 00:00:00','SYS'),(2673,78,2685,'2013-10-31 19:05:13',2365,3,'2014-06-15 10:45:35','Spændholt på 1. pladsen er defekt','2013-10-31 00:00:00','2013-10-31 00:00:00','SYS'),(2674,23,2467,'2013-10-31 20:53:58',2743,2,'2013-10-31 20:57:14','prøve','2013-10-31 00:00:00','2013-10-31 00:00:00','SYS'),(2675,203,2279,'2013-02-11 11:04:50',2621,3,'2014-03-31 15:22:50','Vintervedligehold. Fenris er klar til brug igen til foråret','2013-11-02 00:00:00','2013-11-02 00:00:00','SYS'),(2676,10,2993,'2013-11-16 15:15:57',2878,3,'2014-04-28 22:57:13','Vintervedligehold','2013-11-16 00:00:00','2013-11-16 00:00:00','SYS'),(2677,35,2134,'2013-11-16 15:16:32',2529,3,NULL,'Vintervedligehold','2013-11-16 00:00:00','2013-11-16 00:00:00','SYS'),(2678,94,2686,'2013-01-12 15:28:08',2013,3,'2013-12-11 18:12:17','Vintervedligehold. \nHu er klar til brug igen til foråret.','2013-12-01 00:00:00','2013-12-01 00:00:00','SYS'),(2679,36,2030,'2013-11-12 18:11:06',2472,1,'2014-05-08 16:29:12','mangler bundbrædt forand 1. sæde','2013-12-11 00:00:00','2013-12-11 00:00:00','SYS'),(2680,22,2092,'2013-12-14 10:09:33',2325,3,'2014-01-12 11:33:01','vintervedligehold','2013-12-14 00:00:00','2013-12-14 00:00:00','SYS'),(2681,119,2370,'2014-11-01 11:46:49',2209,1,'2014-06-16 16:01:01','2. pladsens undervogn løs, kan sagtens roes.','2014-01-11 00:00:00','2014-01-11 00:00:00','SYS'),(2682,19,2576,'2014-12-01 13:18:52',2068,1,'2014-01-12 13:22:33','Utæt mellem anden og tredje bord ved første spante agten for etterplads.','2014-01-12 00:00:00','2014-01-12 00:00:00','SYS'),(2683,19,2770,'2014-12-01 13:22:39',2715,1,NULL,'Utæt mellem anden og tredje bord ved første spante agten for etterplads styrbord side.\n','2014-01-12 00:00:00','2014-01-12 00:00:00','SYS'),(2684,19,2125,'2014-12-01 13:23:19',2371,1,NULL,'Utæt forrum styrbord side omkring bundprop','2014-01-12 00:00:00','2014-01-12 00:00:00','SYS'),(2685,19,2313,'2014-12-01 13:26:07',2712,1,'2014-01-12 13:26:23','Utæt agterrum bag ved bundprop','2014-01-12 00:00:00','2014-01-12 00:00:00','SYS'),(2686,19,2192,'2014-12-01 13:26:26',2449,1,NULL,'Utæt agterrum bag ved anden spante omkring køl','2014-01-12 00:00:00','2014-01-12 00:00:00','SYS'),(2687,65,2020,'2014-12-01 13:41:25',2109,1,NULL,'Utæt rundt om bundprop i forrum','2014-01-12 00:00:00','2014-01-12 00:00:00','SYS'),(2688,86,2524,'2014-01-02 14:34:08',2196,3,'2014-02-27 16:51:50','VINTERVEDLIGEHOLD','2014-02-01 00:00:00','2014-02-01 00:00:00','SYS'),(2689,202,2561,'2014-01-02 14:34:35',2654,3,'2014-02-27 16:51:35','Vintervedligehold','2014-02-01 00:00:00','2014-02-01 00:00:00','SYS'),(2690,225,2233,'2014-02-15 13:57:19',2682,3,'2014-03-22 09:51:54','er på værft til reperation','2014-02-15 00:00:00','2014-02-15 00:00:00','SYS'),(2691,94,2481,'2014-09-03 15:55:46',2448,3,'2014-04-16 20:31:26','Mangler nye rulleskinner (90cm). Bliver labvet på værft.','2014-03-09 00:00:00','2014-03-09 00:00:00','SYS'),(2692,94,2709,'2014-09-03 15:56:50',2197,3,'2014-04-08 21:10:21','Mangler at blive samlet efter vintervedligehold.','2014-03-09 00:00:00','2014-03-09 00:00:00','SYS'),(2693,86,2102,'2014-03-14 16:25:23',2641,1,'2014-04-26 16:05:39','Tager vand ind 1 bor på 40 min.','2014-03-14 00:00:00','2014-03-14 00:00:00','SYS'),(2694,86,2380,'2014-03-20 15:27:09',2613,3,'2014-03-20 15:45:58','Har fået lakeret en lille skade og må ikke tages på vandet torsdag d. 20/3','2014-03-20 00:00:00','2014-03-20 00:00:00','SYS'),(2695,86,2597,'2014-03-20 15:45:17',2146,3,'2014-03-26 18:17:12','Styrmandsbundbrædtet er flækket og under reparation. ','2014-03-20 00:00:00','2014-03-20 00:00:00','SYS'),(2696,203,2847,'2014-03-28 17:20:45',2888,3,'2014-03-31 15:22:15','Mangler beslag til ror, som derfor ikke kan monteres. Derfor kan fenris ikke benyttes.\n','2014-03-28 00:00:00','2014-03-28 00:00:00','SYS'),(2697,118,2445,'2014-02-04 17:21:06',2005,3,'2014-04-08 18:59:44','Ikke færdigmeldt efter vintervedligehold. Årer er ikke færdigmalede!','2014-04-02 00:00:00','2014-04-02 00:00:00','SYS'),(2698,52,2681,'2014-05-04 09:36:08',2359,3,'2014-04-21 11:55:21','ingen bundprop (sort plastik)','2014-04-05 00:00:00','2014-04-05 00:00:00','SYS'),(2699,203,2075,'2014-08-04 18:16:17',2779,3,'2014-04-14 18:24:50','Swirvel 2 knækket','2014-04-08 00:00:00','2014-04-08 00:00:00','SYS'),(2700,34,2329,'2014-09-04 17:22:34',2823,2,'2014-06-24 18:04:28','Tager 3 bord vand ind.\nTager nu kun 1½ bord vand ind...','2014-04-09 00:00:00','2014-04-09 00:00:00','SYS'),(2701,145,2421,'2014-10-04 18:55:15',2778,2,'2014-05-26 14:43:15','Trædebræt ved 4 plads er knækket midt over. Jeg har ikke kunnet finde en passende klods at klodse den op med. Der skal sandsynligvis laves et nyt bræt på værftet. \n\nDer kan skiftes med lidt ekstra smidighed fra roerne, men vær forsigtig.\n\n---\n\nNy trædeplade fabrikeret og installeret.','2014-04-10 00:00:00','2014-04-10 00:00:00','SYS'),(2702,94,2121,'2014-04-16 20:32:17',2423,1,NULL,'Normale spændholdt er ved at blive lavet. Kan ros med kliksko.','2014-04-16 00:00:00','2014-04-16 00:00:00','SYS'),(2703,94,2340,'2014-04-16 20:33:18',2781,3,'2014-04-18 12:49:58','Sæderne er ved at blive tilpasset de nye rulleskinner. Forventes færdigt senest den 20. april.','2014-04-16 00:00:00','2014-04-16 00:00:00','SYS'),(2704,145,2337,'2014-04-17 12:26:27',2638,1,NULL,'3er årens klemring er slidt (går ikke i \"hak\").','2014-04-17 00:00:00','2014-04-17 00:00:00','SYS'),(2705,79,2664,'2014-04-19 12:08:31',2844,1,'2014-04-27 15:23:05','Tager vand i agterrummet (ca op til bundbrædtet på en tur til Skovshoved). Lad være med at lægge bagage her. \n\nFejler ikke noget. 27.04.2014','2014-04-19 00:00:00','2014-04-19 00:00:00','SYS'),(2706,133,2311,'2014-04-21 16:51:43',2311,3,'2014-04-26 14:48:23','SOLGT','2014-04-21 00:00:00','2014-04-21 00:00:00','SYS'),(2707,118,2564,'2014-04-21 19:32:33',2019,1,'2014-06-15 10:45:09','3er sædet er knækket på styrbord glider. Skal skifte i forb. m. sommervedligehold.','2014-04-21 00:00:00','2014-04-21 00:00:00','SYS'),(2708,119,2889,'2014-04-23 09:11:38',2164,3,'2014-04-28 22:22:45','Håndtaget  ruger ud af inderskaftet på 3er åren. Er til reperation.','2014-04-23 00:00:00','2014-04-23 00:00:00','SYS'),(2709,118,2753,'2014-04-23 19:42:20',2762,3,'2014-04-29 22:11:47','Må ikke bruges. Mangler at finde at få lakeret bundbræt ved styrmandplads og fundet bundbræt til agterrum.','2014-04-23 00:00:00','2014-04-23 00:00:00','SYS'),(2710,153,2098,NULL,2319,3,NULL,'Meddelelse fra administratoren: Båden kan ikke længere udskrives.','2014-04-24 00:00:00','2014-04-24 00:00:00','ADM'),(2711,152,2230,'2014-04-24 16:56:31',2311,3,NULL,NULL,'2014-04-24 00:00:00','2014-04-24 00:00:00','SYS'),(2712,46,2855,'2014-04-24 19:12:33',2598,1,'2014-06-25 17:09:44','Styrbords årehåndtag skal repareres.\n---\nBlev lavet på sommervedligehold','2014-04-24 00:00:00','2014-04-24 00:00:00','SYS'),(2713,10,2588,'2014-04-28 22:55:36',2057,1,'2014-04-28 22:56:40',NULL,'2014-04-28 00:00:00','2014-04-28 00:00:00','SYS'),(2714,10,2374,'2014-04-28 22:56:48',2488,3,'2014-06-05 20:21:04','Mangler 3 bundbrædder. De findes muligvis sammen med Hjaltes løsdele.','2014-04-28 00:00:00','2014-04-28 00:00:00','SYS'),(2715,10,2109,'2014-04-28 22:57:23',2272,3,'2014-05-22 00:57:29','Åreskafter skal lakeres. Er slebet.','2014-04-28 00:00:00','2014-04-28 00:00:00','SYS'),(2716,119,2420,'2014-04-28 23:02:28',2895,3,'2014-04-30 19:52:29','3er-åre har haft løst håndtag. Er repareret, men limen skal hærde. Må ikke ros før 1/5 2014.','2014-04-28 00:00:00','2014-04-28 00:00:00','SYS'),(2717,211,2776,'2014-04-29 14:38:35',2663,2,NULL,'Stræber ved 8. plads er knækket. \nStræber på 2. plads er nødrepareret.','2014-04-29 00:00:00','2014-04-29 00:00:00','SYS'),(2719,118,2768,'2014-04-29 22:11:50',2157,1,NULL,'Mangler bundbræt i agterrum. Dusør gives.\n\nNB: Læg et par fendere i bunden af agterrummet, hvis der skal bagege med.','2014-04-29 00:00:00','2014-04-29 00:00:00','SYS'),(2720,94,2985,'2014-01-05 20:00:28',2898,3,'2014-05-10 10:14:44','MÅ IKKE BENYTTES!\nIGANGVÆRENDE LAKARBEJDE, BAGBORD AGTER','2014-05-01 00:00:00','2014-05-01 00:00:00','SYS'),(2721,225,2622,'2014-03-05 13:38:08',2023,1,'2014-05-22 19:34:06','Smig bør tjekkes. 1. plads er svær at holde i vandet.\n\nSmig justeret i samråd med Bøg og er herefter testet og klarmeldt.','2014-05-03 00:00:00','2014-05-03 00:00:00','SYS'),(2722,9,2154,'2014-03-05 16:02:57',2417,3,'2014-05-12 21:47:09','Ikke klarmeldt efter vintervedligeholdelse.\n\nDet er uklart, hvilken stand den er i.','2014-05-03 00:00:00','2014-05-03 00:00:00','SYS'),(2723,17,2902,'2014-06-05 19:25:07',2019,1,'2014-06-09 15:46:02','Styreskinner (plastikstykket) på 1er pladsen trænger til udskiftning.','2014-05-06 00:00:00','2014-05-06 00:00:00','SYS'),(2725,146,2553,'2014-12-05 19:53:18',2149,3,'2014-06-03 18:28:11','Ror defekt - og skiftet','2014-05-12 00:00:00','2014-05-12 00:00:00','SYS'),(2726,238,2611,'2014-05-14 19:59:06',2224,1,NULL,'Der er noget galt med 4erens sæde så det ikke kører så godt eller måske er det skinnen, der er skæv. Der skal kikkes nærmere på det. Vi kunne ikke reparere den umiddelbart.\n','2014-05-14 00:00:00','2014-05-14 00:00:00','SYS'),(2727,9,2398,'2014-05-15 20:02:37',2673,2,'2014-06-02 22:03:39','Tager vand ind i for- og agterrum. Tager ligeledes vand ind i bagbordside i området under 3er sæde.','2014-05-15 00:00:00','2014-05-15 00:00:00','SYS'),(2728,196,2155,'2014-05-15 20:50:23',2694,3,NULL,'Fodsparken på 3 pladsen mangler ','2014-05-15 00:00:00','2014-05-15 00:00:00','SYS'),(2729,82,2579,'2014-05-15 20:52:33',2452,3,'2014-05-25 19:06:12','Fodsparken på 3-er pladsen mangler.\n\n- Fundet og repareret.','2014-05-15 00:00:00','2014-05-15 00:00:00','SYS'),(2730,1,2433,'2014-05-16 14:42:30',2179,3,'2014-05-18 07:37:57','Roret mangler, så vi har lånt Brages ror i dag. Fundet i bådhallen - hvem Helvede meldte denne skade','2014-05-16 00:00:00','2014-05-16 00:00:00','SYS'),(2731,145,2429,'2014-05-17 09:51:06',2537,3,'2014-05-22 19:38:27','Båd skal kontrolleres for dybere skader (pille-kollision). Må ikke ros - skal også tørre inden lakarbejde (spids).','2014-05-17 00:00:00','2014-05-17 00:00:00','SYS'),(2732,196,2847,'2014-05-20 21:45:59',2150,2,NULL,'Bundprop kan ikke skrues rigtigt i. Lak i hullet.','2014-05-20 00:00:00','2014-05-20 00:00:00','SYS'),(2733,118,2950,'2014-05-20 21:50:59',2139,2,'2014-06-15 10:39:34','Bundprop under styrmandssædet kan ikke skrues rigtigt i. Lak i hullet.','2014-05-20 00:00:00','2014-05-20 00:00:00','SYS'),(2734,119,2211,'2014-05-22 00:58:21',2243,1,'2014-06-16 16:01:45','Sæde på 2er plads hopper MEGET nemt af','2014-05-22 00:00:00','2014-05-22 00:00:00','SYS'),(2735,238,2203,'2014-05-25 09:57:45',2797,3,'2014-06-12 19:18:28','Styrbord rig på 1.sæde skadet - ved påsejling, desværre.\nPlastbøsning der fæstnes på glasfiberfladen er boltet fast, men kører med rundt, så den ikke kommer i bund.\n(Båden kan principelt ros med tomt 1sæde)','2014-05-25 00:00:00','2014-05-25 00:00:00','SYS'),(2736,135,2380,'2014-05-25 12:09:18',2261,3,NULL,'Forreste fodspark skadet - hele skinnen faldet af i højre side','2014-05-25 00:00:00','2014-05-25 00:00:00','SYS'),(2737,33,2293,'2014-05-25 14:36:41',2911,1,'2014-05-28 16:58:29','Årer malet 25.514 er klar til brug 27.5.14 kl 17. go fornøjelse','2014-05-25 00:00:00','2014-05-25 00:00:00','SYS'),(2738,82,2323,'2014-05-25 19:03:01',2775,1,'2014-06-18 14:56:46','Dækkenliste bagbord agter defekt. Kan ros.','2014-05-25 00:00:00','2014-05-25 00:00:00','SYS'),(2739,82,2738,'2014-05-25 19:03:49',2141,3,'2014-05-26 14:15:46','Forluge er ved at blive lakeret.\n\n\n-- Er nu lakeret.','2014-05-25 00:00:00','2014-05-25 00:00:00','SYS'),(2740,82,2722,'2014-05-25 19:04:31',2381,1,NULL,'Mangler bundbræt foran 1er i styrbord side.','2014-05-25 00:00:00','2014-05-25 00:00:00','SYS'),(2741,119,2396,'2014-05-27 19:03:01',2483,1,'2014-06-15 11:23:18','3-sæde kører meget dårligt. 2 hjul er udskiftet.','2014-05-27 00:00:00','2014-05-27 00:00:00','SYS'),(2742,228,2816,'2014-05-28 19:56:54',2271,1,NULL,'Problemer med roret - det er svært at styre lige.','2014-05-28 00:00:00','2014-05-28 00:00:00','SYS'),(2743,90,2892,'2014-05-28 20:04:25',2904,1,NULL,'fodspark faldet af. Kan laves med gaffa, men der var ikke noget i skuret. ','2014-05-28 00:00:00','2014-05-28 00:00:00','SYS'),(2744,145,2016,'2014-01-06 19:30:22',2712,1,'2014-07-01 18:57:56','3-åre står forkert. Smig skal rettes','2014-06-01 00:00:00','2014-06-01 00:00:00','SYS'),(2745,17,2398,'2014-02-06 18:47:59',2849,3,'2014-06-09 15:45:33','Hjulsæt på 1er sæde kan ikke skrues fast p.g.a. råd.','2014-06-02 00:00:00','2014-06-02 00:00:00','SYS'),(2746,65,2943,'2014-04-06 17:12:07',2109,3,'2014-06-04 19:13:25','Mangler rorpind','2014-06-04 00:00:00','2014-06-04 00:00:00','SYS'),(2747,34,2526,'2014-04-06 19:13:42',2995,1,'2014-06-17 19:07:32','Smig skal stilles. Og båden er lavt rigget.\n\n---\nKlaret på sommervedligehold','2014-06-04 00:00:00','2014-06-04 00:00:00','SYS'),(2748,201,2799,'2014-04-06 22:04:26',2651,1,NULL,'Gearing på årer skal finindstilles.','2014-06-04 00:00:00','2014-06-04 00:00:00','SYS'),(2749,65,2421,'2014-05-06 20:21:20',2272,3,'2014-06-10 21:43:53','Der mangler 4 bundbrædder. Dem har Brage lånt.Når Brages bundbrædder bliver fundet, bliver alt lagt på plads igen...!\n\n---\nBundbrædder returneret.','2014-06-05 00:00:00','2014-06-05 00:00:00','SYS'),(2750,22,2705,'2014-08-06 19:09:25',2406,1,'2014-06-25 17:08:14','Hængsler på styrmandssædet knækket inde i beslag. Kan ikke genmonteres. Båden kan ros med puder i ryggen.\n---\nLavet på sommervedligehold','2014-06-08 00:00:00','2014-06-08 00:00:00','SYS'),(2751,78,2263,'2014-09-06 20:47:20',2216,3,'2014-06-10 19:34:02','Rorpind lånt til Ydun \n\n---\nReturneret','2014-06-09 00:00:00','2014-06-09 00:00:00','SYS'),(2752,86,2199,'2014-09-06 20:48:38',2860,1,'2014-06-10 19:33:28','Rorpinden er lånt fra Thor. Har meldt det til materialudvalget.\n\n---\nNy rorpind installeret. Lånt rorpind returneret til Thor.','2014-06-09 00:00:00','2014-06-09 00:00:00','SYS'),(2753,241,2205,'2014-10-06 14:49:41',2655,2,'2014-06-19 18:47:53','Styrbord rig 1er pladsen er slået skæv, ro den forsigtigt. ','2014-06-10 00:00:00','2014-06-10 00:00:00','SYS'),(2754,19,2428,'2014-10-06 19:01:56',2696,1,NULL,'O-ringe på 2 bundpropper mangler. Måske skyld i at den tager en del vand ind.','2014-06-10 00:00:00','2014-06-10 00:00:00','SYS'),(2755,10,2527,'2014-10-06 21:44:13',2514,3,'2014-06-20 16:40:58','Der mangler nogle bundbrædder. Må ikke ros.','2014-06-10 00:00:00','2014-06-10 00:00:00','SYS'),(2756,1,2350,'2014-12-06 17:16:06',2484,3,'2014-06-18 13:17:05','Skal tørre inden vintervedligehold søndag. Må ikke komme på vandet. Er nu den lækreste rosin på matriklen og klar igen til eventur.','2014-06-12 00:00:00','2014-06-12 00:00:00','SYS'),(2757,51,2172,'2014-06-14 15:52:33',2878,1,NULL,'Agterluge skadet.','2014-06-14 00:00:00','2014-06-14 00:00:00','SYS'),(2758,51,2810,'2014-06-14 15:52:58',2939,1,NULL,'Manchet på 1er-åre skal strammes op.','2014-06-14 00:00:00','2014-06-14 00:00:00','SYS'),(2759,119,2535,'2014-06-14 16:29:20',2063,2,'2014-06-15 11:22:46','Rem til spændholt på 3er pladsen er gået i stykker. Er nu udskiftet.','2014-06-14 00:00:00','2014-06-14 00:00:00','SYS'),(2760,119,2244,'2014-06-15 10:23:38',2497,1,'2014-06-16 16:01:35','Styrbord skinne 4er plads er løs forrest.','2014-06-15 00:00:00','2014-06-15 00:00:00','SYS'),(2761,119,2613,'2014-06-15 14:25:23',2296,3,'2014-06-16 16:01:22','Ude af drift indtil at 2er og 4er sæde er endelig lavet - skal tørre og efterfølgende bores/skrue i.','2014-06-15 00:00:00','2014-06-15 00:00:00','SYS'),(2762,65,2336,'2014-06-15 14:37:05',2987,3,NULL,'Under reparation. Ved at få skiftet spændholtbeslag.','2014-06-15 00:00:00','2014-06-15 00:00:00','SYS'),(2763,60,2842,'2014-06-15 14:37:34',2051,3,'2014-06-29 11:30:33','Under reparation. Ved at få tætnet en revne.','2014-06-15 00:00:00','2014-06-15 00:00:00','SYS'),(2764,240,2204,'2014-06-15 14:40:18',2290,3,'2014-06-21 14:09:17','Skal slibes/lakeres mandag 16-6 og efterfølgende tørre.\nMonteret gummi rygstøtte 21-6.\n\n','2014-06-15 00:00:00','2014-06-15 00:00:00','SYS'),(2765,225,2493,'2014-06-16 19:03:43',2298,1,NULL,'\"Hajbid\" af transportbånd på bagbord side ud for 1.ers fodspark.','2014-06-16 00:00:00','2014-06-16 00:00:00','SYS'),(2766,225,2853,'2014-06-16 19:06:35',2620,1,NULL,'\"Hajbiddet\" vurderes til at være mere alvorligt af materielformand!','2014-06-16 00:00:00','2014-06-16 00:00:00','SYS'),(2767,225,2790,'2014-06-16 19:24:43',2210,3,NULL,'Må først komme på vandet når \"hajbiddet\" er lægt! Materielformandens udtalelse, basta bom.','2014-06-16 00:00:00','2014-06-16 00:00:00','SYS'),(2768,142,2391,'2014-06-16 20:57:22',2186,1,'2014-06-18 14:57:01','Låsen til forrummet er gået i stykker','2014-06-16 00:00:00','2014-06-16 00:00:00','SYS'),(2769,160,2583,'2014-06-17 16:59:55',2302,1,NULL,'Spidsen af bådens spids vipper opad og skærer i hånden.','2014-06-17 00:00:00','2014-06-17 00:00:00','SYS'),(2770,207,2746,'2014-06-22 18:42:31',2952,2,NULL,'Spids knækket af. Lappet med spidsbold, men der er stadig lidt utæt omkring spidsbold.\n\nMå gerne ros, men kun med gaffa omkring hullet ved spidsbolden.','2014-06-22 00:00:00','2014-06-22 00:00:00','SYS'),(2771,236,2979,'2014-06-22 18:45:18',2857,1,NULL,'Skal slibes, poleres, vokses efter gelcoatreparation,','2014-06-22 00:00:00','2014-06-22 00:00:00','SYS'),(2772,72,2658,'2014-06-22 18:46:35',2430,1,NULL,'Skal slibes, males, poleres, vokses efter reparation.\n\nObs: Der kan være skarpe glasfiberkanter i kanten af reparationen - slib eller dæk med gaffa.','2014-06-22 00:00:00','2014-06-22 00:00:00','SYS'),(2773,34,2354,'2014-06-24 18:04:38',2579,1,'2014-06-30 18:45:27','Tager 1½ bord vand ind','2014-06-24 00:00:00','2014-06-24 00:00:00','SYS'),(2774,50,2794,'2014-06-25 17:11:53',2604,1,NULL,'Alle årer skal have stillet gearing og smig - især 1er og 4er, som er gamle reserveårer.','2014-06-25 00:00:00','2014-06-25 00:00:00','SYS'),(2775,9,2911,'2014-06-25 18:23:50',2285,1,NULL,'Der kommer vand ind i agterrummet.','2014-06-25 00:00:00','2014-06-25 00:00:00','SYS'),(2776,230,2175,'2014-06-25 19:52:24',2611,3,'2014-06-28 16:39:05','Bagbord åre let flænset, er ved at bliev limet. Må ros fra og med d. 26. juni 2014.','2014-06-25 00:00:00','2014-06-25 00:00:00','SYS'),(2778,203,2173,'2014-06-26 20:22:22',2179,1,'2014-06-27 09:58:37','Der mangler en af de små røde ringer under havelågen i bagbord.','2014-06-26 00:00:00','2014-06-26 00:00:00','SYS'),(2779,248,2448,'2014-06-29 11:30:43',2288,3,'2014-07-02 16:46:02','VisioSign skal på værft og have sidste gang lak mandag-onsdag omkring 30.06','2014-06-29 00:00:00','2014-06-29 00:00:00','SYS'),(2780,34,2720,'2014-06-30 18:45:35',2902,1,NULL,'tager ½ bord vand på Skovshoved tur, intet praktisk problem\n\nutætheden sidder givetvis i agterrummet','2014-06-30 00:00:00','2014-06-30 00:00:00','SYS'),(2781,36,2260,'2014-06-30 19:20:15',2651,2,NULL,'1 sædet har tendes til at hoppe ud af skinnerne. Måske en ny undervogn?','2014-06-30 00:00:00','2014-06-30 00:00:00','SYS'),(2782,118,79,NULL,NULL,2,NULL,'0','2016-03-01 23:52:10',NULL,NULL);
/*!40000 ALTER TABLE `Damage` ENABLE KEYS */;
UNLOCK TABLES;

--
-- Table structure for table `Destination`
--

DROP TABLE IF EXISTS `Destination`;
/*!40101 SET @saved_cs_client     = @@character_set_client */;
/*!40101 SET character_set_client = utf8 */;
CREATE TABLE `Destination` (
  `id` int(11) DEFAULT NULL,
  `Location` varchar(10) NOT NULL DEFAULT '',
  `Name` varchar(100) NOT NULL DEFAULT '',
  `Meter` int(11) DEFAULT NULL,
  `Description` varchar(1000) DEFAULT NULL,
  `Created` datetime DEFAULT NULL,
  `Updated` datetime DEFAULT NULL,
  `Initials` varchar(10) DEFAULT NULL,
  `ExpectedDurationNormal` float DEFAULT NULL,
  `ExpectedDurationInstruction` float DEFAULT NULL,
  PRIMARY KEY (`Name`,`Location`)
) ENGINE=InnoDB DEFAULT CHARSET=latin1;
/*!40101 SET character_set_client = @saved_cs_client */;

--
-- Dumping data for table `Destination`
--

LOCK TABLES `Destination` WRITE;
/*!40000 ALTER TABLE `Destination` DISABLE KEYS */;
INSERT INTO `Destination` VALUES (1,'DSR','Bellevue',15000,NULL,'1998-04-04 00:00:00','1998-04-04 00:00:00','SYS',2.5,2.6),(NULL,'Nordhavn','Bellevue',25000,NULL,NULL,NULL,NULL,4.5,6.6),(2,'DSR','Charlottenlund',7000,NULL,'1998-04-04 00:00:00','1998-04-04 00:00:00','SYS',1.8,2),(NULL,'Nordhavn','Charlottenlund',17000,NULL,NULL,NULL,NULL,3.8,6),(9,'DSR','Flakfortet',22000,NULL,'2001-08-27 00:00:00','2001-08-27 00:00:00','SYS',3.6,0),(NULL,'Nordhavn','Flakfortet',20000,NULL,NULL,NULL,NULL,2.5,NULL),(3,'DSR','Hellerup',5000,NULL,'1998-04-04 00:00:00','1998-04-04 00:00:00','SYS',1.8,1.9),(NULL,'Nordhavn','Hellerup',15000,NULL,NULL,NULL,NULL,3.8,5.9),(4,'DSR','Kanalen',22000,NULL,'1998-04-04 00:00:00','1998-04-04 00:00:00','SYS',3.8,4.5),(NULL,'Nordhavn','Kanalen',12000,NULL,NULL,NULL,NULL,1.75,1.5),(18,'DSR','Knud',13500,NULL,'2002-04-08 00:00:00','2002-04-08 00:00:00','SYS',2,2.7),(NULL,'Nordhavn','Knud',23500,NULL,NULL,NULL,NULL,4,6.7),(11,'DSR','Langelinie',15000,NULL,'2001-08-27 00:00:00','2001-08-27 00:00:00','SYS',2.4,3.6),(NULL,'Nordhavn','Langelinie',13000,NULL,NULL,NULL,NULL,1.4,1.6),(10,'DSR','Margretheholms havn',15000,NULL,'2001-08-27 00:00:00','2001-08-27 00:00:00','SYS',2.5,2.8),(NULL,'Nordhavn','Margretheholms havn',5000,NULL,NULL,NULL,NULL,0.5,0),(17,'DSR','Opfyldningen nord',3000,NULL,'2002-04-08 00:00:00','2002-04-08 00:00:00','SYS',1.9,1.8),(NULL,'Nordhavn','Opfyldningen nord',13000,NULL,NULL,NULL,NULL,4,5.75),(14,'DSR','Rungsted',42000,NULL,'2001-08-27 00:00:00','2001-08-27 00:00:00','SYS',6.6,0),(NULL,'Nordhavn','Rungsted',52000,NULL,NULL,NULL,NULL,8.6,4),(15,'DSR','Skodsborg',28000,NULL,'2001-08-27 00:00:00','2001-08-27 00:00:00','SYS',4.5,6.8),(NULL,'Nordhavn','Skodsborg',38000,NULL,NULL,NULL,NULL,6.5,10.75),(5,'DSR','Skovshoved',11500,NULL,'1998-04-04 00:00:00','1998-04-04 00:00:00','SYS',2,2.2),(NULL,'Nordhavn','Skovshoved',21500,NULL,NULL,NULL,NULL,4,6),(6,'DSR','Slusen',26000,NULL,'1998-04-04 00:00:00','1998-04-04 00:00:00','SYS',4.5,6),(NULL,'Nordhavn','Slusen',16000,NULL,NULL,NULL,NULL,2.5,3),(13,'DSR','Strandmøllen',22500,NULL,'2001-08-27 00:00:00','2001-08-27 00:00:00','SYS',2.6,5.2),(NULL,'Nordhavn','Strandmøllen',32500,NULL,NULL,NULL,NULL,4.6,9.2),(19,'DSR','Svanemøllehavnen',3000,NULL,'2002-04-27 00:00:00','2002-04-27 00:00:00','SYS',1.7,1.6),(NULL,'Nordhavn','Svanemøllehavnen',13000,NULL,NULL,NULL,NULL,3.7,5.6),(7,'DSR','Tuborg havn',3000,NULL,'1998-04-04 00:00:00','1998-04-04 00:00:00','SYS',1.3,1.5),(NULL,'Nordhavn','Tuborg havn',13000,NULL,NULL,NULL,NULL,3.3,5.5),(8,'DSR','Tårbæk',18000,NULL,'1998-04-04 00:00:00','1998-04-04 00:00:00','SYS',2.5,2.7),(NULL,'Nordhavn','Tårbæk',28000,NULL,NULL,NULL,NULL,4.5,6.7),(12,'DSR','Vedbæk',33000,NULL,'2001-08-27 00:00:00','2001-08-27 00:00:00','SYS',4.8,7.5),(NULL,'Nordhavn','Vedbæk',43000,NULL,NULL,NULL,NULL,6.8,11.5),(16,'DSR','Øvrige [Skriv i kommentar]',5000,NULL,'2002-04-08 00:00:00','2002-04-08 00:00:00','SYS',0,0),(NULL,'Nordhavn','Øvrige [Skriv i kommentar]',5000,NULL,NULL,NULL,NULL,0,0);
/*!40000 ALTER TABLE `Destination` ENABLE KEYS */;
UNLOCK TABLES;

--
-- Table structure for table `Locations`
--

DROP TABLE IF EXISTS `Locations`;
/*!40101 SET @saved_cs_client     = @@character_set_client */;
/*!40101 SET character_set_client = utf8 */;
CREATE TABLE `Locations` (
  `name` varchar(30) NOT NULL,
  `description` varchar(100) DEFAULT NULL,
  PRIMARY KEY (`name`)
) ENGINE=InnoDB DEFAULT CHARSET=latin1;
/*!40101 SET character_set_client = @saved_cs_client */;

--
-- Dumping data for table `Locations`
--

LOCK TABLES `Locations` WRITE;
/*!40000 ALTER TABLE `Locations` DISABLE KEYS */;
INSERT INTO `Locations` VALUES ('DSR','Danske Studenders Roklub, Strandvænget'),('Nordhavn','Forposten i Nordhavn');
/*!40000 ALTER TABLE `Locations` ENABLE KEYS */;
UNLOCK TABLES;

--
-- Table structure for table `MemberRightType`
--

DROP TABLE IF EXISTS `MemberRightType`;
/*!40101 SET @saved_cs_client     = @@character_set_client */;
/*!40101 SET character_set_client = utf8 */;
CREATE TABLE `MemberRightType` (
  `member_right` varchar(50) NOT NULL,
  `description` varchar(200) DEFAULT NULL,
  PRIMARY KEY (`member_right`)
) ENGINE=InnoDB DEFAULT CHARSET=latin1;
/*!40101 SET character_set_client = @saved_cs_client */;

--
-- Dumping data for table `MemberRightType`
--

LOCK TABLES `MemberRightType` WRITE;
/*!40000 ALTER TABLE `MemberRightType` DISABLE KEYS */;
INSERT INTO `MemberRightType` VALUES ('kajak_b','kajak B'),('8','otter'),('8cox','otter styrmand'),('competition','kaproere'),('cox','styrmand'),('coxtheory','styrmandsteori'),('instructor','instruktør'),('kajak','kajak'),('kanin','kanin'),('langturøresund','Langure på Øresund'),('longdistance','LDK'),('longdistancetheory','langtursstyrmandsteori'),('motorboat','motorbåd'),('rowright','roret'),('sculler','sculler'),('skærgård','skærgården'),('svava','svava'),('swim400','kan svømme 400m'),('wrench','har rød svensknøgle');
/*!40000 ALTER TABLE `MemberRightType` ENABLE KEYS */;
UNLOCK TABLES;

--
-- Table structure for table `TripRights`
--

DROP TABLE IF EXISTS `TripRights`;
/*!40101 SET @saved_cs_client     = @@character_set_client */;
/*!40101 SET character_set_client = utf8 */;
CREATE TABLE `TripRights` (
  `trip_type` int(11) NOT NULL,
  `required_right` varchar(30) NOT NULL,
  `requirement` varchar(10) DEFAULT NULL,
  PRIMARY KEY (`trip_type`,`required_right`)
) ENGINE=InnoDB DEFAULT CHARSET=latin1;
/*!40101 SET character_set_client = @saved_cs_client */;

--
-- Dumping data for table `TripRights`
--

LOCK TABLES `TripRights` WRITE;
/*!40000 ALTER TABLE `TripRights` DISABLE KEYS */;
INSERT INTO `TripRights` VALUES (1,'cox','cox'),(1,'rowright','all'),(3,'longdistance','cox'),(3,'rowright','all'),(5,'instructor','any'),(7,'cox','cox'),(7,'rowright','all'),(9,'cox','cox'),(9,'rowright','all'),(10,'outrigger_instructor','cox'),(14,'cox','cox'),(14,'rowright','all');
/*!40000 ALTER TABLE `TripRights` ENABLE KEYS */;
UNLOCK TABLES;

--
-- Table structure for table `TripType`
--

DROP TABLE IF EXISTS `TripType`;
/*!40101 SET @saved_cs_client     = @@character_set_client */;
/*!40101 SET character_set_client = utf8 */;
CREATE TABLE `TripType` (
  `id` int(11) NOT NULL DEFAULT '0',
  `Name` varchar(100) DEFAULT NULL,
  `Description` varchar(1000) DEFAULT NULL,
  `Created` datetime DEFAULT NULL,
  `Updated` datetime DEFAULT NULL,
  `Initials` varchar(10) DEFAULT NULL,
  `Active` int(11) DEFAULT NULL,
  PRIMARY KEY (`id`),
  UNIQUE KEY `Navn` (`Name`)
) ENGINE=InnoDB DEFAULT CHARSET=latin1;
/*!40101 SET character_set_client = @saved_cs_client */;

--
-- Dumping data for table `TripType`
--

LOCK TABLES `TripType` WRITE;
/*!40000 ALTER TABLE `TripType` DISABLE KEYS */;
INSERT INTO `TripType` VALUES (1,'Lokaltur','Lokalt rofarvand','1997-08-21 00:00:00','1997-08-21 00:00:00','SYS',1),(2,'Tastet','Hvis man har glemt at skrive sig ud når man kommer ind, eller systemet ikke har været tilgængeligt.\nDet kan også bruges hvis man er begyndt at bruge systemet midt I en season og man så gerne vil taste sine tidligere ture ind.','1997-08-21 00:00:00','1997-08-21 00:00:00','SYS',1),(3,'Langtur','Uden for lokalt rofarvand','1997-08-21 00:00:00','1997-08-21 00:00:00','SYS',1),(4,'Inriggerkaproning','Træning til Langdistance kaproning','1997-08-21 00:00:00','1997-08-21 00:00:00','SYS',1),(5,'Instruktion','Instruktionsture både for almindelig roning og kajakker','1997-08-21 00:00:00','1997-08-21 00:00:00','SYS',1),(6,'Udstationeret','Båden er fast andet steds end svanemølllen','2002-06-12 00:00:00','2002-06-12 00:00:00','SYS',1),(7,'Sved På Panden','Sved På Panden','2002-06-12 00:00:00','2002-06-12 00:00:00','SYS',0),(8,'Racerkanin','Bruges til racerkanintræning','2003-06-03 00:00:00','2003-06-03 00:00:00','SYS',1),(9,'Teknik+','Teknik+ træning','2003-06-03 00:00:00','2003-06-03 00:00:00','SYS',0),(10,'Outrigger/ScullerInstruktion','Outrigger, gig og Sculler','2003-06-03 00:00:00','2003-06-03 00:00:00','SYS',0),(11,'Styrmandsinstruktion','Styrmandsinstruktion','2003-06-03 00:00:00','2003-06-03 00:00:00','SYS',0),(12,'8GP','Træning til 8GP i Svanemøllen','2006-05-09 00:00:00','2006-05-09 00:00:00','SYS',0),(13,'Teknik og tur','Teknik og tur','2013-11-28 00:00:00','2013-11-28 00:00:00','SYS',1),(14,'Puls og program','Puls og program','2013-11-28 00:00:00','2013-11-28 00:00:00','SYS',1);
/*!40000 ALTER TABLE `TripType` ENABLE KEYS */;
UNLOCK TABLES;

--
-- Table structure for table `boat_brand`
--

DROP TABLE IF EXISTS `boat_brand`;
/*!40101 SET @saved_cs_client     = @@character_set_client */;
/*!40101 SET character_set_client = utf8 */;
CREATE TABLE `boat_brand` (
  `id` int(11) NOT NULL AUTO_INCREMENT,
  `name` varchar(100) DEFAULT NULL,
  PRIMARY KEY (`id`),
  UNIQUE KEY `Typenavn` (`name`)
) ENGINE=InnoDB AUTO_INCREMENT=61 DEFAULT CHARSET=latin1;
/*!40101 SET character_set_client = @saved_cs_client */;

--
-- Dumping data for table `boat_brand`
--

LOCK TABLES `boat_brand` WRITE;
/*!40000 ALTER TABLE `boat_brand` DISABLE KEYS */;
INSERT INTO `boat_brand` VALUES (38,'Bull'),(59,'Citius'),(49,'Cleaver X'),(31,'Coastliner'),(34,'Coastrunner'),(30,'Elio'),(36,'Escape'),(44,'Fanger'),(50,'Freelancer'),(57,'KayakPro'),(32,'Lancer'),(55,'Let Escape'),(39,'Let Spica'),(53,'Marker'),(40,'Nelo Viper'),(47,'Plastex'),(60,'Racer'),(41,'Razer'),(37,'Razor'),(51,'Scraptus'),(48,'Shadow'),(45,'Spica'),(33,'Struer'),(35,'Struer Active'),(56,'Struer Arrow'),(52,'Tirana'),(42,'Tracer'),(43,'Trainer'),(46,'Vajda'),(58,'Vajda CivetCat'),(54,'Vajda Supersonic');
/*!40000 ALTER TABLE `boat_brand` ENABLE KEYS */;
UNLOCK TABLES;

--
-- Table structure for table `boat_usage`
--

DROP TABLE IF EXISTS `boat_usage`;
/*!40101 SET @saved_cs_client     = @@character_set_client */;
/*!40101 SET character_set_client = utf8 */;
CREATE TABLE `boat_usage` (
  `id` int(11) NOT NULL AUTO_INCREMENT,
  `name` varchar(100) DEFAULT NULL,
  `Description` varchar(1000) DEFAULT NULL,
  PRIMARY KEY (`id`),
  UNIQUE KEY `Anvendelse` (`name`)
) ENGINE=InnoDB AUTO_INCREMENT=8 DEFAULT CHARSET=latin1;
/*!40101 SET character_set_client = @saved_cs_client */;

--
-- Dumping data for table `boat_usage`
--

LOCK TABLES `boat_usage` WRITE;
/*!40000 ALTER TABLE `boat_usage` DISABLE KEYS */;
INSERT INTO `boat_usage` VALUES (1,'Høje personer','Egnet til høje personer, god stabilitet'),(2,'Kapkajak','Velegnet til kaproning'),(3,'Instruktion','Anvendes til instruktion'),(4,'Trækajak','n/a'),(5,'Forbh. handicap tirsdag 17-20','Forbeholdt handicapløb tirsdag 17-20'),(6,'Semikapkajak','n/a'),(7,'Letvægtskapkajak','n/a');
/*!40000 ALTER TABLE `boat_usage` ENABLE KEYS */;
UNLOCK TABLES;
/*!40103 SET TIME_ZONE=@OLD_TIME_ZONE */;

/*!40101 SET SQL_MODE=@OLD_SQL_MODE */;
/*!40014 SET FOREIGN_KEY_CHECKS=@OLD_FOREIGN_KEY_CHECKS */;
/*!40014 SET UNIQUE_CHECKS=@OLD_UNIQUE_CHECKS */;
/*!40101 SET CHARACTER_SET_CLIENT=@OLD_CHARACTER_SET_CLIENT */;
/*!40101 SET CHARACTER_SET_RESULTS=@OLD_CHARACTER_SET_RESULTS */;
/*!40101 SET COLLATION_CONNECTION=@OLD_COLLATION_CONNECTION */;
/*!40111 SET SQL_NOTES=@OLD_SQL_NOTES */;

-- Dump completed on 2016-03-13 17:12:32
